Workbook
Name Slicer_City: #N/A
Name Slicer_Doctor_Name: #N/A
Name Slicer_Hospital_Department: #N/A
Name Slicer_Insurance_Provider: #N/A

Sheet Rawdata
A1: Patient_ID | B1: Patient_Name | C1: Age | D1: Gender | E1: Phone_Number | F1: Email | G1: City | H1: Hospital_Department | I1: Doctor_Name | J1: Visit_Date | K1: Appointment_Time | L1: Diagnosis | M1: Treatment_Type | N1: Admission_Type | O1: Insurance_Provider | P1: Bill_Amount | Q1: Payment_Status | R1: Follow_Up_Date | S1: Feedback_Score | T1: Notes
A2: P1654 | B2: Vijay Sharma | D2: Female | E2: 9163119785 | F2: vijaysharma@gmail.com | G2: Pune | H2: Cardiology | I2: Dr Nair | J2: 14/1/2024 | K2: 11:32 | L2: Fever | M2: Injection | N2: Walkin | O2: None | P2: 27993 | Q2: paid | R2: 19/5/2024 | T2: follow up required
A3: P1714 | B3: Meena Singh | D3: male | E3: 6438989805 | F3: meenasingh@gmail.com | G3: Madurai | H3: Cardiology | I3: Dr Iyer | J3: 28/6/2024 | K3: 15:34 | L3: Diabetes | M3: Observation | N3: Emergency | O3: None | Q3: pending | R3: 28/6/2024
A4: P1046 | B4: Divya Nair | D4: Male | E4: 7632629719 | G4: Kochi | H4: Dermatology | I4: Dr Sharma | J4: 12/3/2024 | K4: 18:17 | L4: Diabetes | M4: Injection | N4: Walkin | O4: None | P4: 48284 | Q4: Pending | T4: follow up required
A5: P1701 | B5: Anjali Sharma | D5: female | E5: 7149938334 | F5: anjalisharma@gmail.com | G5: Mumbai | H5: Pediatrics | I5: Dr Reddy | J5: 2024-11-16 | K5: 18:29 | L5: Hypertension | M5: Therapy | N5: Walkin | O5: HDFC Ergo | Q5: pending | S5: 5 | T5: review later
A6: P1370 | B6: Rahul Reddy | C6: 66 | D6: Male | E6: 9698408854 | F6: rahulreddy@gmail.com | G6: Hyderabad | H6: Dermatology | I6: Dr Mehta | J6: 26/11/2024 | K6: 14:24 | L6: Asthma | M6: Injection | N6: Referral | O6: None | T6: urgent
A7: P1114 | B7: Priya Patel | C7: 21 | D7: male | E7: 8150000991 | F7: priyapatel@gmail.com | G7: Pune | H7: Cardiology | I7: Dr Sharma | K7: 11:9 | L7: Skin Allergy | M7: Surgery | N7: Emergency | O7: None | Q7: Paid | S7: 2
A8: P1246 | B8: Karthik Kumar | C8: 11 | E8: 9289233844 | F8: karthikkumar@gmail.com | G8: Hyderabad | H8: Dermatology | I8: Dr Singh | K8: 14:13 | L8: Fracture | M8: Therapy | N8: Online | O8: ICICI Lombard | Q8: paid | R8: 4/4/2024 | S8: 1 | T8: urgent
A9: P1021 | B9: Karthik Verma | D9: Male | E9: 6304912982 | F9: karthikverma@mail.com | G9: Chennai | H9: Orthopedics | I9: Dr Rao | J9: 2/6/2024 | K9: 12:42 | L9: Asthma | M9: Surgery | N9: Walkin | O9: None | Q9: Pending | S9: 2
A10: P1099 | B10: Divya Patel | C10: 47 | D10: female | E10: 9710150572 | F10: divyapatel@mail.com | G10: Chennai | H10: Dermatology | I10: Dr Reddy | K10: 13:51 | L10: Diabetes | M10: Surgery | N10: Walkin | O10: HDFC Ergo | Q10: Pending | S10: 4 | T10: follow up required
A11: P1895 | B11: Vijay Das | C11: 71 | E11: 9590711152 | F11: vijaydas@gmail.com | G11: Bangalore | H11: Oncology | I11: Dr Sharma | J11: 2024-7-16 | K11: 11:55 | L11: Covid | M11: Medication | N11: Walkin | O11: Apollo Munich | Q11: Rejected | S11: 4 | T11: review later
A12: P1158 | B12: Rahul Iyer | C12: 28 | D12: male | E12: 6245522987 | F12: rahuliyer@gmail.com | G12: Vizag | H12: General Medicine | I12: Dr Nair | K12: 9:54 | L12: Hypertension | M12: Medication | N12: Emergency | O12: HDFC Ergo | P12: 26961 | Q12: pending | R12: 8/10/2024 | S12: 5
A13: P1429 | B13: Divya Gupta | D13: male | E13: 6877286584 | F13: divyagupta@mail.com | G13: Coimbatore | H13: Orthopedics | I13: Dr Iyer | J13: 2024-11-21 | K13: 15:20 | L13: Diabetes | M13: Medication | N13: Online | O13: None | P13: 37396 | Q13: Paid | S13: 2 | T13: urgent
A14: P1902 | B14: Vijay Nair | D14: female | E14: 9580907314 | F14: vijaynair@mail.com | G14: Delhi | H14: Pediatrics | I14: Dr Sharma | K14: 12:59 | L14: Diabetes | M14: Surgery | N14: Referral | O14: Star Health | Q14: pending | S14: 5 | T14: follow up required
A15: P1734 | B15: Anjali Nair | E15: 8098228320 | G15: Chennai | H15: Cardiology | I15: Dr Reddy | J15: 2024-1-1 | K15: 10:40 | L15: Migraine | M15: Surgery | N15: Online | O15: None | Q15: pending | R15: 1/2/2024 | T15: follow up required
A16: P1558 | B16: Arun Singh | D16: female | E16: 6547374338 | F16: arunsingh@gmail.com | G16: Delhi | H16: Neurology | I16: Dr Sharma | K16: 11:42 | L16: Diabetes | M16: Therapy | N16: Online | O16: None | P16: 49617 | Q16: Pending | R16: 28/3/2024 | S16: 4
A17: P1183 | B17: Sneha Singh | D17: Female | E17: 9381747775 | F17: snehasingh@mail.com | G17: Bangalore | H17: General Medicine | I17: Dr Sharma | J17: 2024-4-7 | K17: 13:19 | L17: Fracture | M17: Surgery | N17: Emergency | O17: HDFC Ergo | Q17: Rejected | S17: 3 | T17: review later
A18: P1695 | B18: Deepa Verma | C18: 43 | D18: male | E18: 6766942939 | F18: deepaverma@mail.com | G18: Delhi | H18: Cardiology | I18: Dr Rao | J18: 2024-6-24 | K18: 14:38 | L18: Diabetes | M18: Observation | N18: Walkin | O18: ICICI Lombard | Q18: paid | R18: 1/9/2024 | S18: 3 | T18: review later
A19: P1071 | B19: Divya Singh | C19: 80 | D19: male | E19: 8178074590 | G19: Madurai | H19: Neurology | I19: Dr Singh | J19: 23/5/2024 | K19: 14:42 | L19: Covid | M19: Surgery | N19: Referral | O19: Apollo Munich | P19: 36409 | Q19: Rejected | T19: urgent
A20: P1476 | B20: Ravi Das | C20: 33 | D20: Female | E20: 8829742424 | F20: ravidas@gmail.com | G20: Delhi | H20: Pediatrics | I20: Dr Reddy | J20: 21/10/2024 | K20: 18:19 | L20: Fracture | M20: Surgery | N20: Walkin | O20: Star Health | P20: 3528 | Q20: paid | S20: 4 | T20: follow up required
A21: P1735 | B21: Sneha Patel | D21: Female | E21: 8817747689 | F21: snehapatel@mail.com | G21: Chennai | H21: Oncology | I21: Dr Sharma | J21: 25/2/2024 | K21: 16:29 | L21: Fever | M21: Injection | N21: Walkin | O21: Star Health | P21: 30414 | Q21: paid | T21: review later
A22: P1627 | B22: Deepa Verma | C22: 55 | D22: Female | E22: 9193975799 | G22: Kochi | H22: Neurology | I22: Dr Sharma | K22: 15:40 | L22: Fracture | M22: Therapy | N22: Online | O22: Star Health | Q22: Pending | S22: 5
A23: P1141 | B23: Kumar Nair | D23: Male | E23: 7781844052 | G23: Coimbatore | H23: Pediatrics | I23: Dr Singh | J23: 2024-4-27 | K23: 14:57 | L23: Fever | M23: Injection | N23: Online | O23: Apollo Munich | Q23: Rejected | S23: 5 | T23: follow up required
A24: P1499 | B24: Rahul Iyer | C24: 56 | D24: female | E24: 7443665390 | F24: rahuliyer@mail.com | G24: Madurai | H24: Dermatology | I24: Dr Mehta | K24: 8:58 | L24: Covid | M24: Injection | N24: Emergency | O24: Star Health | Q24: Pending | R24: 28/8/2024 | S24: 1 | T24: urgent
A25: P1388 | B25: Anjali Nair | D25: female | E25: 7195103064 | G25: Delhi | H25: Oncology | I25: Dr Rao | J25: 16/1/2024 | K25: 13:14 | L25: Diabetes | M25: Medication | N25: Emergency | O25: HDFC Ergo | P25: 13565 | Q25: pending | R25: 5/4/2024 | S25: 4
A26: P1577 | B26: Rahul Das | D26: Female | E26: 8602289301 | F26: rahuldas@mail.com | G26: Bangalore | H26: Oncology | I26: Dr Sharma | J26: 6/5/2024 | K26: 12:36 | L26: Covid | M26: Observation | N26: Walkin | O26: Star Health
A27: P1815 | B27: Karthik Sharma | C27: 54 | D27: male | E27: 6296166921 | F27: karthiksharma@mail.com | G27: Coimbatore | H27: Cardiology | I27: Dr Sharma | J27: 2024-2-14 | K27: 18:57 | L27: Asthma | M27: Surgery | N27: Online | O27: HDFC Ergo | S27: 4 | T27: review later
A28: P1845 | B28: Sneha Gupta | D28: Male | E28: 7197987692 | G28: Mumbai | H28: Oncology | I28: Dr Singh | J28: 2024-11-13 | K28: 8:31 | L28: Skin Allergy | M28: Surgery | N28: Online | O28: HDFC Ergo | Q28: Rejected | S28: 5
A29: P1529 | B29: Rahul Kumar | C29: 46 | E29: 9256292393 | F29: rahulkumar@gmail.com | G29: Kochi | H29: Dermatology | I29: Dr Reddy | J29: 2024-1-3 | K29: 11:25 | L29: Fracture | M29: Therapy | N29: Referral | O29: Apollo Munich | Q29: Rejected | S29: 3 | T29: review later
A30: P1277 | B30: Priya Iyer | D30: male | E30: 6513483708 | F30: priyaiyer@mail.com | G30: Pune | H30: Oncology | I30: Dr Reddy | J30: 2024-4-24 | K30: 12:46 | L30: Migraine | M30: Medication | N30: Walkin | O30: ICICI Lombard | Q30: Pending | R30: 10/1/2024 | S30: 3
A31: P1997 | B31: Arun Verma | C31: 28 | D31: Male | E31: 9748302739 | F31: arunverma@gmail.com | G31: Vizag | H31: Neurology | I31: Dr Singh | J31: 16/8/2024 | K31: 12:55 | L31: Asthma | M31: Medication | N31: Emergency | O31: Apollo Munich | P31: 32727 | Q31: pending | R31: 21/11/2024 | S31: 2 | T31: follow up required
A32: P1830 | B32: Karthik Iyer | C32: 11 | E32: 9283259600 | G32: Vizag | H32: Pediatrics | I32: Dr Sharma | J32: 2024-9-13 | K32: 15:19 | L32: Covid | M32: Therapy | N32: Emergency | O32: None | P32: 49002 | Q32: Pending
A33: P1160 | B33: Rahul Reddy | D33: Male | E33: 7754569613 | G33: Vizag | H33: General Medicine | I33: Dr Iyer | J33: 2024-5-23 | K33: 15:4 | L33: Fracture | M33: Therapy | N33: Walkin | O33: Apollo Munich | Q33: Pending | T33: follow up required
A34: P1073 | B34: Arun Reddy | D34: female | E34: 6534094883 | G34: Delhi | H34: Dermatology | I34: Dr Singh | J34: 2024-9-16 | K34: 9:38 | L34: Fever | M34: Observation | N34: Referral | O34: None | P34: 16908 | Q34: Paid | R34: 8/11/2024 | T34: urgent
A35: P1590 | B35: Arun Reddy | C35: 53 | D35: male | E35: 6779489931 | F35: arunreddy@mail.com | G35: Madurai | H35: Dermatology | I35: Dr Sharma | J35: 2024-8-12 | K35: 13:20 | L35: Diabetes | M35: Surgery | N35: Referral | O35: Apollo Munich | Q35: Rejected | R35: 22/7/2024 | S35: 4
A36: P1322 | B36: Priya Singh | C36: 15 | E36: 7984173309 | G36: Chennai | H36: Orthopedics | I36: Dr Nair | J36: 2024-8-21 | K36: 8:13 | L36: Migraine | M36: Injection | N36: Walkin | O36: ICICI Lombard | Q36: paid | R36: 4/1/2024 | T36: follow up required
A37: P1318 | B37: Suresh Sharma | C37: 71 | D37: Female | E37: 9613809882 | F37: sureshsharma@gmail.com | G37: Kochi | H37: Cardiology | I37: Dr Reddy | J37: 2024-8-23 | K37: 16:45 | L37: Migraine | M37: Observation | N37: Online | O37: Apollo Munich | Q37: pending | R37: 5/7/2024 | S37: 5 | T37: follow up required
A38: P1884 | B38: Vijay Iyer | D38: Male | E38: 7214784185 | F38: vijayiyer@mail.com | G38: Delhi | H38: Oncology | I38: Dr Nair | J38: 19/11/2024 | K38: 15:34 | L38: Asthma | M38: Therapy | N38: Referral | O38: None | Q38: paid | R38: 11/4/2024 | S38: 5 | T38: review later
A39: P1239 | B39: Deepa Patel | C39: 40 | D39: female | E39: 7658195603 | F39: deepapatel@mail.com | G39: Hyderabad | H39: General Medicine | I39: Dr Rao | J39: 5/9/2024 | K39: 15:6 | L39: Asthma | M39: Medication | N39: Walkin | O39: Apollo Munich | P39: 43411 | Q39: Paid | S39: 5 | T39: review later
A40: P1665 | B40: Vijay Singh | C40: 54 | D40: male | E40: 8692081959 | F40: vijaysingh@mail.com | G40: Kochi | H40: Oncology | I40: Dr Nair | K40: 18:58 | L40: Migraine | M40: Surgery | N40: Emergency | O40: Apollo Munich | S40: 2 | T40: urgent
A41: P1925 | B41: Arun Sharma | D41: male | E41: 7609930218 | G41: Hyderabad | H41: Orthopedics | I41: Dr Nair | J41: 14/10/2024 | K41: 10:11 | L41: Diabetes | M41: Injection | N41: Online | O41: None | P41: 45269 | Q41: paid | R41: 19/3/2024 | S41: 4 | T41: urgent
A42: P1470 | B42: Priya Menon | E42: 6678500147 | F42: priyamenon@gmail.com | G42: Kochi | H42: Neurology | I42: Dr Nair | J42: 2024-7-23 | K42: 15:54 | L42: Migraine | M42: Surgery | N42: Online | O42: Apollo Munich | P42: 7489 | Q42: paid | T42: urgent
A43: P1022 | B43: Deepa Menon | C43: 51 | E43: 9715436184 | F43: deepamenon@mail.com | G43: Chennai | H43: Pediatrics | I43: Dr Reddy | J43: 2024-4-20 | K43: 11:40 | L43: Fracture | M43: Injection | N43: Referral | O43: HDFC Ergo | P43: 41672 | T43: review later
A44: P1034 | B44: Karthik Singh | D44: male | E44: 9210405862 | G44: Hyderabad | H44: Orthopedics | I44: Dr Mehta | K44: 12:53 | L44: Hypertension | M44: Therapy | N44: Online | O44: ICICI Lombard | Q44: Paid | R44: 15/2/2024 | T44: follow up required
A45: P1880 | B45: Divya Menon | D45: Male | E45: 9395953188 | G45: Chennai | H45: Neurology | I45: Dr Nair | K45: 18:16 | L45: Covid | M45: Therapy | N45: Emergency | O45: HDFC Ergo | P45: 31398 | Q45: pending | R45: 18/6/2024
A46: P1650 | B46: Deepa Das | C46: 39 | D46: Male | E46: 6600337712 | F46: deepadas@gmail.com | G46: Chennai | H46: Neurology | I46: Dr Singh | J46: 4/2/2024 | K46: 14:29 | L46: Skin Allergy | M46: Injection | N46: Online | O46: None | Q46: Pending | R46: 14/11/2024 | T46: review later
A47: P1630 | B47: Meena Iyer | D47: female | E47: 7909954149 | F47: meenaiyer@gmail.com | G47: Coimbatore | H47: Cardiology | I47: Dr Reddy | J47: 12/9/2024 | K47: 14:17 | L47: Fracture | M47: Medication | N47: Online | O47: Star Health | P47: 43935 | R47: 21/10/2024 | S47: 1 | T47: urgent
A48: P1249 | B48: Kumar Gupta | E48: 6927503999 | F48: kumargupta@gmail.com | G48: Coimbatore | H48: Oncology | I48: Dr Mehta | J48: 26/10/2024 | K48: 10:34 | L48: Migraine | M48: Surgery | N48: Emergency | O48: Star Health | P48: 9137 | Q48: Rejected | S48: 1 | T48: follow up required
A49: P1271 | B49: Arun Reddy | C49: 54 | D49: Male | E49: 8045460840 | G49: Coimbatore | H49: Pediatrics | I49: Dr Nair | K49: 8:46 | L49: Migraine | M49: Observation | N49: Emergency | O49: Star Health | Q49: paid | T49: review later
A50: P1075 | B50: Vijay Singh | C50: 78 | D50: Female | E50: 7181184718 | F50: vijaysingh@mail.com | G50: Vizag | H50: Pediatrics | I50: Dr Reddy | J50: 2024-10-17 | K50: 15:32 | L50: Covid | M50: Medication | N50: Emergency | O50: None | P50: 47740 | Q50: paid | S50: 3 | T50: review later
A51: P1408 | B51: Meena Kumar | D51: male | E51: 7607610633 | F51: meenakumar@gmail.com | G51: Kochi | H51: Cardiology | I51: Dr Rao | J51: 27/2/2024 | K51: 13:51 | L51: Hypertension | M51: Injection | N51: Emergency | O51: None | Q51: Rejected | S51: 3 | T51: review later
A52: P1888 | B52: Sneha Sharma | D52: male | E52: 6444961037 | F52: snehasharma@mail.com | G52: Pune | H52: Orthopedics | I52: Dr Mehta | J52: 22/8/2024 | K52: 13:54 | L52: Skin Allergy | M52: Medication | N52: Referral | O52: None | Q52: pending | R52: 25/10/2024 | S52: 5 | T52: urgent
A53: P1029 | B53: Kumar Iyer | D53: male | E53: 6026224160 | F53: kumariyer@gmail.com | G53: Hyderabad | H53: Pediatrics | I53: Dr Reddy | K53: 8:5 | L53: Fracture | M53: Observation | N53: Online | O53: Apollo Munich | P53: 22840 | Q53: Rejected
A54: P1904 | B54: Arun Reddy | C54: 21 | D54: Male | E54: 7168672809 | G54: Madurai | H54: General Medicine | I54: Dr Nair | K54: 9:22 | L54: Covid | M54: Medication | N54: Referral | O54: None | R54: 10/1/2024 | S54: 4
A55: P1007 | B55: Rahul Iyer | D55: male | E55: 7409274786 | F55: rahuliyer@gmail.com | G55: Chennai | H55: General Medicine | I55: Dr Reddy | K55: 11:32 | L55: Skin Allergy | M55: Medication | N55: Online | O55: Star Health | P55: 29088 | Q55: paid | S55: 5 | T55: review later
A56: P1726 | B56: Divya Patel | C56: 27 | D56: Male | E56: 7394868732 | F56: divyapatel@gmail.com | G56: Vizag | H56: General Medicine | I56: Dr Sharma | J56: 23/6/2024 | K56: 11:27 | L56: Covid | M56: Injection | N56: Emergency | O56: Apollo Munich | Q56: Rejected | R56: 8/6/2024 | S56: 1
A57: P1543 | B57: Suresh Nair | D57: Female | E57: 6441542090 | F57: sureshnair@gmail.com | G57: Delhi | H57: Orthopedics | I57: Dr Mehta | J57: 20/3/2024 | K57: 18:31 | L57: Asthma | M57: Injection | N57: Online | O57: None | Q57: pending | S57: 2 | T57: review later
A58: P1069 | B58: Ravi Das | E58: 6241257421 | G58: Pune | H58: Cardiology | I58: Dr Iyer | J58: 2024-1-2 | K58: 12:4 | L58: Diabetes | M58: Injection | N58: Online | O58: Apollo Munich | R58: 2/8/2024 | S58: 3 | T58: review later
A59: P1513 | B59: Kumar Sharma | D59: Male | E59: 8167021467 | F59: kumarsharma@mail.com | G59: Hyderabad | H59: Cardiology | I59: Dr Mehta | K59: 17:10 | L59: Skin Allergy | M59: Therapy | N59: Referral | O59: Apollo Munich | S59: 1 | T59: urgent
A60: P1096 | B60: Suresh Menon | E60: 9750707607 | F60: sureshmenon@gmail.com | G60: Coimbatore | H60: Cardiology | I60: Dr Nair | K60: 18:25 | L60: Hypertension | M60: Injection | N60: Emergency | O60: ICICI Lombard | R60: 26/6/2024
A61: P1661 | B61: Divya Patel | C61: 66 | D61: male | E61: 7326569692 | F61: divyapatel@gmail.com | G61: Mumbai | H61: Neurology | I61: Dr Sharma | J61: 16/4/2024 | K61: 9:18 | L61: Diabetes | M61: Injection | N61: Emergency | O61: ICICI Lombard | P61: 41003 | Q61: pending | R61: 13/3/2024 | S61: 2 | T61: follow up required
A62: P1738 | B62: Ravi Sharma | D62: female | E62: 8622487366 | G62: Kochi | H62: Orthopedics | I62: Dr Nair | J62: 8/5/2024 | K62: 13:43 | L62: Asthma | M62: Observation | N62: Referral | O62: Apollo Munich | Q62: paid | R62: 6/4/2024 | T62: urgent
A63: P1053 | B63: Divya Das | C63: 48 | E63: 9655730355 | F63: divyadas@gmail.com | G63: Delhi | H63: Cardiology | I63: Dr Sharma | J63: 6/5/2024 | K63: 14:5 | L63: Fracture | M63: Observation | N63: Referral | O63: Star Health | P63: 27690 | Q63: paid | R63: 17/6/2024 | S63: 4
A64: P1383 | B64: Rahul Sharma | D64: Female | E64: 6590985753 | F64: rahulsharma@gmail.com | G64: Delhi | H64: Oncology | I64: Dr Singh | J64: 2024-12-16 | K64: 17:0 | L64: Diabetes | M64: Medication | N64: Referral | O64: HDFC Ergo | S64: 1 | T64: urgent
A65: P1243 | B65: Priya Kumar | C65: 35 | E65: 7963288053 | F65: priyakumar@gmail.com | G65: Bangalore | H65: Oncology | I65: Dr Singh | K65: 17:15 | L65: Hypertension | M65: Therapy | N65: Online | O65: Star Health | Q65: Pending | R65: 19/7/2024
A66: P1536 | B66: Anjali Kumar | C66: 68 | D66: female | E66: 9750929953 | G66: Chennai | H66: Dermatology | I66: Dr Singh | J66: 2024-12-1 | K66: 9:22 | L66: Fracture | M66: Medication | N66: Referral | O66: HDFC Ergo | Q66: pending | R66: 11/11/2024 | T66: review later
A67: P1712 | B67: Ravi Menon | C67: 24 | D67: female | E67: 6158844179 | G67: Mumbai | H67: Cardiology | I67: Dr Sharma | K67: 14:52 | L67: Asthma | M67: Therapy | N67: Emergency | O67: HDFC Ergo | Q67: Paid | S67: 3
A68: P1818 | B68: Anjali Patel | C68: 48 | D68: male | E68: 6802373824 | G68: Kochi | H68: Neurology | I68: Dr Sharma | J68: 2024-2-24 | K68: 9:27 | L68: Hypertension | M68: Injection | N68: Referral | O68: ICICI Lombard | P68: 7223 | Q68: Rejected | S68: 4 | T68: review later
A69: P1170 | B69: Sneha Das | C69: 45 | D69: male | E69: 8640766997 | G69: Delhi | H69: Dermatology | I69: Dr Sharma | J69: 2024-11-21 | K69: 13:32 | L69: Hypertension | M69: Medication | N69: Walkin | O69: None | Q69: Paid | R69: 5/2/2024 | T69: urgent
A70: P1370 | B70: Meena Gupta | D70: female | E70: 7593280440 | G70: Kochi | H70: Oncology | I70: Dr Rao | J70: 2024-9-12 | K70: 13:41 | L70: Migraine | M70: Surgery | N70: Emergency | O70: Star Health | P70: 48713 | Q70: paid | R70: 17/7/2024 | S70: 3 | T70: urgent
A71: P1720 | B71: Ravi Nair | C71: 38 | D71: Female | E71: 6526723719 | F71: ravinair@gmail.com | G71: Bangalore | H71: General Medicine | I71: Dr Mehta | K71: 13:42 | L71: Skin Allergy | M71: Medication | N71: Referral | O71: ICICI Lombard | R71: 23/11/2024 | T71: urgent
A72: P1520 | B72: Rahul Kumar | D72: female | E72: 6112889043 | G72: Pune | H72: Pediatrics | I72: Dr Iyer | J72: 15/9/2024 | K72: 9:19 | L72: Covid | M72: Observation | N72: Online | O72: Apollo Munich | P72: 38176 | Q72: Pending | R72: 11/11/2024 | S72: 4 | T72: review later
A73: P1696 | B73: Suresh Singh | D73: Female | E73: 7858081385 | F73: sureshsingh@mail.com | G73: Chennai | H73: Oncology | I73: Dr Rao | J73: 17/3/2024 | K73: 13:59 | L73: Fracture | M73: Therapy | N73: Referral | O73: Star Health | P73: 16923 | R73: 18/5/2024 | T73: urgent
A74: P1629 | B74: Suresh Kumar | D74: Female | E74: 8829236141 | F74: sureshkumar@mail.com | G74: Vizag | H74: Neurology | I74: Dr Sharma | J74: 19/1/2024 | K74: 18:49 | L74: Migraine | M74: Surgery | N74: Online | O74: None | P74: 42376 | Q74: paid | T74: urgent
A75: P1494 | B75: Rahul Menon | C75: 39 | D75: Male | E75: 8957572769 | F75: rahulmenon@gmail.com | G75: Hyderabad | H75: General Medicine | I75: Dr Singh | K75: 10:20 | L75: Skin Allergy | M75: Therapy | N75: Online | O75: HDFC Ergo | Q75: pending | R75: 4/6/2024 | S75: 4
A76: P1273 | B76: Ravi Nair | C76: 19 | D76: male | E76: 7649910946 | F76: ravinair@mail.com | G76: Madurai | H76: Orthopedics | I76: Dr Sharma | J76: 2024-10-24 | K76: 11:48 | L76: Hypertension | M76: Observation | N76: Online | O76: Apollo Munich | Q76: Paid | S76: 2 | T76: follow up required
A77: P1597 | B77: Anjali Sharma | C77: 38 | E77: 9789619196 | F77: anjalisharma@mail.com | G77: Kochi | H77: Neurology | I77: Dr Nair | J77: 2024-7-5 | K77: 13:48 | L77: Covid | M77: Therapy | N77: Emergency | O77: Apollo Munich | Q77: pending | S77: 1 | T77: review later
A78: P1516 | B78: Ravi Verma | C78: 36 | D78: Female | E78: 6415243819 | G78: Coimbatore | H78: Oncology | I78: Dr Iyer | K78: 16:25 | L78: Fever | M78: Medication | N78: Emergency | O78: HDFC Ergo | Q78: paid | R78: 17/8/2024 | S78: 5 | T78: follow up required
A79: P1335 | B79: Karthik Singh | E79: 7444712976 | F79: karthiksingh@mail.com | G79: Pune | H79: Pediatrics | I79: Dr Singh | J79: 23/10/2024 | K79: 13:21 | L79: Diabetes | M79: Observation | N79: Referral | O79: Star Health | Q79: Rejected | R79: 21/10/2024
A80: P1597 | B80: Ravi Reddy | C80: 60 | D80: Female | E80: 9529008370 | F80: ravireddy@mail.com | G80: Mumbai | H80: Cardiology | I80: Dr Nair | J80: 2024-4-1 | K80: 13:26 | L80: Hypertension | M80: Observation | N80: Walkin | O80: Apollo Munich | Q80: paid | R80: 28/12/2024 | T80: follow up required
A81: P1531 | B81: Rahul Verma | C81: 50 | D81: male | E81: 6743812855 | G81: Pune | H81: Neurology | I81: Dr Nair | K81: 12:39 | L81: Asthma | M81: Surgery | N81: Walkin | O81: ICICI Lombard | Q81: Pending | R81: 10/5/2024 | T81: review later
A82: P1324 | B82: Ravi Singh | D82: Male | E82: 8463064097 | F82: ravisingh@mail.com | G82: Pune | H82: General Medicine | I82: Dr Singh | J82: 27/6/2024 | K82: 12:45 | L82: Diabetes | M82: Therapy | N82: Online | O82: ICICI Lombard | Q82: Pending | S82: 5 | T82: urgent
A83: P1140 | B83: Vijay Gupta | D83: Male | E83: 8876914972 | F83: vijaygupta@mail.com | G83: Mumbai | H83: Dermatology | I83: Dr Mehta | K83: 15:6 | L83: Hypertension | M83: Medication | N83: Walkin | O83: Apollo Munich | Q83: paid | S83: 3 | T83: urgent
A84: P1661 | B84: Arun Kumar | E84: 9172634443 | F84: arunkumar@mail.com | G84: Chennai | H84: Orthopedics | I84: Dr Singh | J84: 2024-1-27 | K84: 15:11 | L84: Migraine | M84: Medication | N84: Emergency | O84: ICICI Lombard | Q84: Paid | T84: review later
A85: P1910 | B85: Kumar Verma | D85: Male | E85: 7420277403 | F85: kumarverma@gmail.com | G85: Kochi | H85: Dermatology | I85: Dr Iyer | J85: 2024-1-24 | K85: 12:36 | L85: Fracture | M85: Surgery | N85: Online | O85: Apollo Munich | Q85: Paid | R85: 13/11/2024 | S85: 2 | T85: follow up required
A86: P1488 | B86: Anjali Nair | C86: 36 | D86: Female | E86: 7918714457 | G86: Coimbatore | H86: Neurology | I86: Dr Nair | K86: 13:44 | L86: Fracture | M86: Medication | N86: Emergency | O86: Apollo Munich | P86: 20606 | Q86: paid
A87: P1654 | B87: Priya Singh | D87: Female | E87: 8053775623 | F87: priyasingh@gmail.com | G87: Kochi | H87: Dermatology | I87: Dr Nair | J87: 2024-12-18 | K87: 16:51 | L87: Fracture | M87: Surgery | N87: Emergency | O87: None | R87: 12/2/2024 | S87: 1 | T87: follow up required
A88: P1586 | B88: Suresh Reddy | C88: 40 | D88: Male | E88: 8921845810 | F88: sureshreddy@gmail.com | G88: Vizag | H88: General Medicine | I88: Dr Rao | J88: 17/8/2024 | K88: 16:26 | L88: Asthma | M88: Injection | N88: Emergency | O88: None | Q88: Rejected | S88: 3
A89: P1763 | B89: Rahul Gupta | C89: 22 | D89: male | E89: 9008130163 | F89: rahulgupta@gmail.com | G89: Pune | H89: Cardiology | I89: Dr Rao | J89: 16/1/2024 | K89: 10:49 | L89: Covid | M89: Therapy | N89: Online | O89: Apollo Munich | Q89: Paid | R89: 22/11/2024 | T89: urgent
A90: P1121 | B90: Kumar Verma | D90: Female | E90: 9585531525 | F90: kumarverma@gmail.com | G90: Chennai | H90: Neurology | I90: Dr Singh | K90: 14:52 | L90: Fracture | M90: Surgery | N90: Online | O90: ICICI Lombard | Q90: Pending | R90: 24/2/2024 | T90: review later
A91: P1629 | B91: Manoj Sharma | C91: 31 | D91: Male | E91: 8550970716 | F91: manojsharma@gmail.com | G91: Kochi | H91: Pediatrics | I91: Dr Reddy | J91: 23/1/2024 | K91: 14:28 | L91: Fracture | M91: Injection | N91: Walkin | O91: Star Health | Q91: Rejected | S91: 5 | T91: urgent
A92: P1242 | B92: Priya Reddy | D92: female | E92: 7290641764 | G92: Chennai | H92: Pediatrics | I92: Dr Nair | J92: 2024-11-22 | K92: 16:31 | L92: Fever | M92: Therapy | N92: Online | O92: None | Q92: paid | S92: 4 | T92: follow up required
A93: P1772 | B93: Suresh Das | D93: Female | E93: 9460782270 | G93: Chennai | H93: Pediatrics | I93: Dr Singh | J93: 2024-9-5 | K93: 11:16 | L93: Fracture | M93: Therapy | N93: Emergency | O93: Apollo Munich | P93: 24818 | Q93: pending | R93: 24/4/2024 | S93: 3 | T93: review later
A94: P1689 | B94: Karthik Gupta | E94: 9110867299 | F94: karthikgupta@mail.com | G94: Pune | H94: Orthopedics | I94: Dr Singh | J94: 7/6/2024 | K94: 11:47 | L94: Diabetes | M94: Observation | N94: Walkin | O94: None | P94: 46622 | Q94: paid | T94: urgent
A95: P1389 | B95: Ravi Verma | D95: male | E95: 7544661869 | F95: raviverma@mail.com | G95: Kochi | H95: General Medicine | I95: Dr Rao | J95: 2024-8-25 | K95: 11:23 | L95: Skin Allergy | M95: Observation | N95: Emergency | O95: None | Q95: Pending | S95: 3 | T95: follow up required
A96: P1200 | B96: Anjali Nair | D96: female | E96: 8364991672 | F96: anjalinair@mail.com | G96: Coimbatore | H96: Neurology | I96: Dr Sharma | K96: 15:29 | L96: Hypertension | M96: Therapy | N96: Walkin | O96: HDFC Ergo | Q96: paid | R96: 6/9/2024 | S96: 5
A97: P1859 | B97: Deepa Kumar | C97: 86 | D97: female | E97: 6590521614 | F97: deepakumar@mail.com | G97: Mumbai | H97: Cardiology | I97: Dr Reddy | J97: 2024-4-17 | K97: 13:3 | L97: Asthma | M97: Observation | N97: Emergency | O97: Star Health | Q97: paid | S97: 5 | T97: urgent
A98: P1017 | B98: Suresh Menon | C98: 56 | D98: Male | E98: 8252218154 | F98: sureshmenon@gmail.com | G98: Mumbai | H98: Orthopedics | I98: Dr Nair | J98: 2024-6-9 | K98: 9:23 | L98: Covid | M98: Observation | N98: Walkin | O98: HDFC Ergo | Q98: Paid | R98: 21/11/2024 | S98: 1 | T98: review later
A99: P1388 | B99: Meena Verma | C99: 61 | D99: Female | E99: 6355134188 | G99: Madurai | H99: Dermatology | I99: Dr Sharma | J99: 11/10/2024 | K99: 11:13 | L99: Asthma | M99: Therapy | N99: Emergency | O99: Star Health | Q99: pending | R99: 19/11/2024 | S99: 2 | T99: urgent
A100: P1016 | B100: Rahul Gupta | C100: 19 | D100: male | E100: 6697718498 | F100: rahulgupta@mail.com | G100: Mumbai | H100: Pediatrics | I100: Dr Sharma | J100: 2024-11-18 | K100: 14:48 | L100: Hypertension | M100: Medication | N100: Referral | O100: Star Health | Q100: Pending | S100: 5 | T100: review later
...

Sheet Pivot_Tables
A3: Row Labels | B3: Sum of Bill_Amount | D3: Row Labels | E3: Count of Patient_ID | G3: Row Labels | H3: Average of Feedback_Score | J3: Row Labels | K3: Sum of Bill_Amount | M3: Row Labels | N3: Count of Patient_Name
A4: Cardiology | B4: 6821176 | D4: Vizag | E4: 577 | G4: Dr Singh | H4: 3.0913621 | J4: Apollo Munich | K4: 9583678 | M4: Emergency | N4: 1364
A5: Dermatology | B5: 6336303 | D5: Pune | E5: 563 | G5: Dr Sharma | H5: 2.9942748 | J5: Hdfc Ergo | K5: 8754991 | M5: Online | N5: 1444
A6: General Medicine | B6: 6196583 | D6: Mumbai | E6: 562 | G6: Dr Reddy | H6: 3.0836364 | J6: Icici Lombard | K6: 8291979 | M6: Referral | N6: 1330
A7: Neurology | B7: 6222484 | D7: Madurai | E7: 533 | G7: Dr Rao | H7: 2.9359191 | J7: None | K7: 10226979 | M7: Walkin | N7: 1362
A8: Oncology | B8: 6348797 | D8: Kochi | E8: 531 | G8: Dr Nair | H8: 3.0961887 | J8: Star Health | K8: 8786523 | M8: Grand Total | N8: 5500
A9: Orthopedics | B9: 7251578 | D9: Hyderabad | E9: 515 | G9: Dr Mehta | H9: 3.0291262 | J9: Grand Total | K9: 45644150
A10: Pediatrics | B10: 6467229 | D10: Delhi | E10: 562 | G10: Dr Iyer | H10: 3.0678571
A11: Grand Total | B11: 45644150 | D11: Coimbatore | E11: 551 | G11: Grand Total | H11: 3.0426187
D12: Chennai | E12: 571
D13: Bangalore | E13: 535
D14: Grand Total | E14: 5500

Sheet Dashboard

Sheet Cleaned_Data
A1: Patient_ID | B1: Patient_Name | C1: Age | D1: Gender | E1: Phone_Number | F1: Email | G1: City | H1: Hospital_Department | I1: Doctor_Name | J1: Visit_Date | K1: Appointment_Time | L1: Diagnosis | M1: Treatment_Type | N1: Admission_Type | O1: Insurance_Provider | P1: Bill_Amount | Q1: Payment_Status | R1: Follow_Up_Date | S1: Feedback_Score | T1: Notes | U1: Bill_Amount_Labeling | V1: Age_Category | W1: Follow_Up_Status | X1: Bill_Amount_Category
A2: P1000 | B2: Sneha Reddy | C2: 37 | D2: Female | E2: +91 98748 98122 | F2: snehareddy@gmail.com | G2: Vizag | H2: Neurology | I2: Dr Nair | J2: 2024-06-09 | K2: 09:21 AM | L2: Fracture | M2: Surgery | N2: Online | O2: Star Health | P2: 0 | Q2: Paid | R2: 2024-03-12 | S2: 2 | T2: Review Later | U2: =IF(Cleaned_Data!P2>20000,"High-Bill","Normal-Bill") -> Normal-Bill | V2: =IF(C2>=60,"Senior-Citizen","Not-Senior-Citizen") -> Not-Senior-Citizen | W2: =IF(R2="N/A","Not-Required","Follow-Up-required") -> Follow-Up-required | X2: {=_xlfn.IFS(P2<5000,"Low",P2<=20000,"Medium",P2>20000,"High")} -> Low
A3: P1001 | B3: Sneha Iyer | C3: 42 | D3: Female | E3: +91 71720 84683 | F3: snehaiyer@gmail.com | G3: Hyderabad | H3: General Medicine | I3: Dr Sharma | J3: Not-Provided | K3: 05:25 PM | L3: Covid | M3: Therapy | N3: Walkin | O3: None | P3: 0 | Q3: Pending | R3: N/A | S3: 1 | T3: Review Later | U3: =IF(Cleaned_Data!P3>20000,"High-Bill","Normal-Bill") -> Normal-Bill | V3: =IF(C3>=60,"Senior-Citizen","Not-Senior-Citizen") -> Not-Senior-Citizen | W3: =IF(R3="N/A","Not-Required","Follow-Up-required") -> Not-Required | X3: {=_xlfn.IFS(P3<5000,"Low",P3<=20000,"Medium",P3>20000,"High")} -> Low
A4: P1001 | B4: Deepa Menon | C4: 27 | D4: Male | E4: +91 85816 77542 | F4: Not-Provided | G4: Chennai | H4: Cardiology | I4: Dr Sharma | J4: Not-Provided | K4: 08:53 AM | L4: Migraine | M4: Observation | N4: Referral | O4: None | P4: 42570 | Q4: Rejected | R4: N/A | S4: 5 | T4: Follow Up Required | U4: =IF(Cleaned_Data!P4>20000,"High-Bill","Normal-Bill") -> High-Bill | V4: =IF(C4>=60,"Senior-Citizen","Not-Senior-Citizen") -> Not-Senior-Citizen | W4: =IF(R4="N/A","Not-Required","Follow-Up-required") -> Not-Required | X4: {=_xlfn.IFS(P4<5000,"Low",P4<=20000,"Medium",P4>20000,"High")} -> High
A5: P1001 | B5: Divya Nair | C5: Invalid | D5: Missing | E5: +91 70110 05854 | F5: divyanair@mail.com | G5: Vizag | H5: Neurology | I5: Dr Mehta | J5: 2024-09-11 | K5: 05:27 PM | L5: Fracture | M5: Medication | N5: Emergency | O5: Star Health | P5: 0 | Q5: N/A | R5: 2024-07-21 | S5: 2 | T5: N/A | U5: =IF(Cleaned_Data!P5>20000,"High-Bill","Normal-Bill") -> Normal-Bill | V5: =IF(C5>=60,"Senior-Citizen","Not-Senior-Citizen") -> Senior-Citizen | W5: =IF(R5="N/A","Not-Required","Follow-Up-required") -> Follow-Up-required | X5: {=_xlfn.IFS(P5<5000,"Low",P5<=20000,"Medium",P5>20000,"High")} -> Low
A6: P1001 | B6: Vijay Reddy | C6: 65 | D6: Male | E6: +91 72482 34265 | F6: vijayreddy@gmail.com | G6: Delhi | H6: Cardiology | I6: Dr Nair | J6: 2024-03-22 | K6: 04:33 PM | L6: Fever | M6: Observation | N6: Online | O6: Apollo Munich | P6: 10515 | Q6: Rejected | R6: 2024-04-07 | S6: 4 | T6: Urgent | U6: =IF(Cleaned_Data!P6>20000,"High-Bill","Normal-Bill") -> Normal-Bill | V6: =IF(C6>=60,"Senior-Citizen","Not-Senior-Citizen") -> Senior-Citizen | W6: =IF(R6="N/A","Not-Required","Follow-Up-required") -> Follow-Up-required | X6: {=_xlfn.IFS(P6<5000,"Low",P6<=20000,"Medium",P6>20000,"High")} -> Medium
A7: P1001 | B7: Anjali Menon | C7: 24 | D7: Female | E7: +91 89234 00904 | F7: Not-Provided | G7: Mumbai | H7: Oncology | I7: Dr Mehta | J7: Not-Provided | K7: 11:08 AM | L7: Diabetes | M7: Injection | N7: Emergency | O7: Icici Lombard | P7: 0 | Q7: N/A | R7: N/A | S7: 5 | T7: N/A | U7: =IF(Cleaned_Data!P7>20000,"High-Bill","Normal-Bill") -> Normal-Bill | V7: =IF(C7>=60,"Senior-Citizen","Not-Senior-Citizen") -> Not-Senior-Citizen | W7: =IF(R7="N/A","Not-Required","Follow-Up-required") -> Not-Required | X7: {=_xlfn.IFS(P7<5000,"Low",P7<=20000,"Medium",P7>20000,"High")} -> Low
A8: P1001 | B8: Priya Iyer | C8: Invalid | D8: Male | E8: +91 86541 51449 | F8: priyaiyer@mail.com | G8: Madurai | H8: Dermatology | I8: Dr Singh | J8: 2024-04-27 | K8: 04:31 PM | L8: Migraine | M8: Observation | N8: Emergency | O8: None | P8: 13249 | Q8: Pending | R8: N/A | S8: N/A | T8: Follow Up Required | U8: =IF(Cleaned_Data!P8>20000,"High-Bill","Normal-Bill") -> Normal-Bill | V8: =IF(C8>=60,"Senior-Citizen","Not-Senior-Citizen") -> Senior-Citizen | W8: =IF(R8="N/A","Not-Required","Follow-Up-required") -> Not-Required | X8: {=_xlfn.IFS(P8<5000,"Low",P8<=20000,"Medium",P8>20000,"High")} -> Medium
A9: P1001 | B9: Ravi Nair | C9: 72 | D9: Missing | E9: +91 91362 13775 | F9: Not-Provided | G9: Bangalore | H9: Orthopedics | I9: Dr Reddy | J9: 2024-08-27 | K9: 03:44 PM | L9: Diabetes | M9: Therapy | N9: Online | O9: None | P9: 0 | Q9: Paid | R9: 2024-08-01 | S9: 5 | T9: Urgent | U9: =IF(Cleaned_Data!P9>20000,"High-Bill","Normal-Bill") -> Normal-Bill | V9: =IF(C9>=60,"Senior-Citizen","Not-Senior-Citizen") -> Senior-Citizen | W9: =IF(R9="N/A","Not-Required","Follow-Up-required") -> Follow-Up-required | X9: {=_xlfn.IFS(P9<5000,"Low",P9<=20000,"Medium",P9>20000,"High")} -> Low
A10: P1002 | B10: Arun Iyer | C10: Invalid | D10: Male | E10: +91 90787 37740 | F10: Not-Provided | G10: Coimbatore | H10: Neurology | I10: Dr Rao | J10: 2024-05-18 | K10: 05:59 PM | L10: Hypertension | M10: Surgery | N10: Emergency | O10: None | P10: 0 | Q10: Pending | R10: N/A | S10: N/A | T10: Follow Up Required | U10: =IF(Cleaned_Data!P10>20000,"High-Bill","Normal-Bill") -> Normal-Bill | V10: =IF(C10>=60,"Senior-Citizen","Not-Senior-Citizen") -> Senior-Citizen | W10: =IF(R10="N/A","Not-Required","Follow-Up-required") -> Not-Required | X10: {=_xlfn.IFS(P10<5000,"Low",P10<=20000,"Medium",P10>20000,"High")} -> Low
A11: P1002 | B11: Arun Menon | C11: Invalid | D11: Female | E11: +91 64271 34562 | F11: Not-Provided | G11: Hyderabad | H11: Orthopedics | I11: Dr Sharma | J11: Not-Provided | K11: 12:44 PM | L11: Asthma | M11: Medication | N11: Referral | O11: Icici Lombard | P11: 0 | Q11: Paid | R11: 2024-08-24 | S11: 2 | T11: N/A | U11: =IF(Cleaned_Data!P11>20000,"High-Bill","Normal-Bill") -> Normal-Bill | V11: =IF(C11>=60,"Senior-Citizen","Not-Senior-Citizen") -> Senior-Citizen | W11: =IF(R11="N/A","Not-Required","Follow-Up-required") -> Follow-Up-required | X11: {=_xlfn.IFS(P11<5000,"Low",P11<=20000,"Medium",P11>20000,"High")} -> Low
A12: P1002 | B12: Ravi Verma | C12: 21 | D12: Male | E12: +91 63529 86513 | F12: raviverma@mail.com | G12: Vizag | H12: Dermatology | I12: Dr Nair | J12: 2024-09-03 | K12: 03:23 PM | L12: Skin Allergy | M12: Medication | N12: Walkin | O12: None | P12: 0 | Q12: Rejected | R12: N/A | S12: 5 | T12: Follow Up Required | U12: =IF(Cleaned_Data!P12>20000,"High-Bill","Normal-Bill") -> Normal-Bill | V12: =IF(C12>=60,"Senior-Citizen","Not-Senior-Citizen") -> Not-Senior-Citizen | W12: =IF(R12="N/A","Not-Required","Follow-Up-required") -> Not-Required | X12: {=_xlfn.IFS(P12<5000,"Low",P12<=20000,"Medium",P12>20000,"High")} -> Low
A13: P1002 | B13: Vijay Iyer | C13: Invalid | D13: Male | E13: +91 74740 74305 | F13: vijayiyer@mail.com | G13: Pune | H13: Neurology | I13: Dr Nair | J13: 2024-05-15 | K13: 11:39 AM | L13: Fracture | M13: Observation | N13: Emergency | O13: Star Health | P13: 0 | Q13: Pending | R13: 2024-04-04 | S13: 3 | T13: Follow Up Required | U13: =IF(Cleaned_Data!P13>20000,"High-Bill","Normal-Bill") -> Normal-Bill | V13: =IF(C13>=60,"Senior-Citizen","Not-Senior-Citizen") -> Senior-Citizen | W13: =IF(R13="N/A","Not-Required","Follow-Up-required") -> Follow-Up-required | X13: {=_xlfn.IFS(P13<5000,"Low",P13<=20000,"Medium",P13>20000,"High")} -> Low
A14: P1002 | B14: Karthik Menon | C14: 35 | D14: Male | E14: +91 62367 75987 | F14: karthikmenon@mail.com | G14: Kochi | H14: Pediatrics | I14: Dr Nair | J14: 2024-05-24 | K14: 01:49 PM | L14: Fever | M14: Observation | N14: Emergency | O14: Apollo Munich | P14: 30196 | Q14: Pending | R14: 2024-03-17 | S14: 4 | T14: Urgent | U14: =IF(Cleaned_Data!P14>20000,"High-Bill","Normal-Bill") -> High-Bill | V14: =IF(C14>=60,"Senior-Citizen","Not-Senior-Citizen") -> Not-Senior-Citizen | W14: =IF(R14="N/A","Not-Required","Follow-Up-required") -> Follow-Up-required | X14: {=_xlfn.IFS(P14<5000,"Low",P14<=20000,"Medium",P14>20000,"High")} -> High
A15: P1002 | B15: Rahul Patel | C15: Invalid | D15: Male | E15: +91 72126 42412 | F15: Not-Provided | G15: Delhi | H15: General Medicine | I15: Dr Nair | J15: Not-Provided | K15: 03:00 PM | L15: Hypertension | M15: Observation | N15: Emergency | O15: Hdfc Ergo | P15: 43882 | Q15: Paid | R15: N/A | S15: 5 | T15: Urgent | U15: =IF(Cleaned_Data!P15>20000,"High-Bill","Normal-Bill") -> High-Bill | V15: =IF(C15>=60,"Senior-Citizen","Not-Senior-Citizen") -> Senior-Citizen | W15: =IF(R15="N/A","Not-Required","Follow-Up-required") -> Not-Required | X15: {=_xlfn.IFS(P15<5000,"Low",P15<=20000,"Medium",P15>20000,"High")} -> High
A16: P1002 | B16: Rahul Sharma | C16: 41 | D16: Female | E16: +91 80726 02009 | F16: rahulsharma@gmail.com | G16: Madurai | H16: Cardiology | I16: Dr Mehta | J16: 2024-06-12 | K16: 09:37 AM | L16: Skin Allergy | M16: Medication | N16: Walkin | O16: Hdfc Ergo | P16: 0 | Q16: Pending | R16: N/A | S16: 1 | T16: N/A | U16: =IF(Cleaned_Data!P16>20000,"High-Bill","Normal-Bill") -> Normal-Bill | V16: =IF(C16>=60,"Senior-Citizen","Not-Senior-Citizen") -> Not-Senior-Citizen | W16: =IF(R16="N/A","Not-Required","Follow-Up-required") -> Not-Required | X16: {=_xlfn.IFS(P16<5000,"Low",P16<=20000,"Medium",P16>20000,"High")} -> Low
A17: P1002 | B17: Suresh Singh | C17: Invalid | D17: Female | E17: +91 85797 66451 | F17: sureshsingh@gmail.com | G17: Delhi | H17: General Medicine | I17: Dr Iyer | J17: 2024-11-22 | K17: 10:59 AM | L17: Hypertension | M17: Medication | N17: Online | O17: Icici Lombard | P17: 13397 | Q17: Paid | R17: N/A | S17: 4 | T17: Urgent | U17: =IF(Cleaned_Data!P17>20000,"High-Bill","Normal-Bill") -> Normal-Bill | V17: =IF(C17>=60,"Senior-Citizen","Not-Senior-Citizen") -> Senior-Citizen | W17: =IF(R17="N/A","Not-Required","Follow-Up-required") -> Not-Required | X17: {=_xlfn.IFS(P17<5000,"Low",P17<=20000,"Medium",P17>20000,"High")} -> Medium
A18: P1003 | B18: Deepa Sharma | C18: Invalid | D18: Female | E18: +91 92418 24322 | F18: deepasharma@gmail.com | G18: Chennai | H18: Orthopedics | I18: Dr Singh | J18: 2024-07-06 | K18: 11:08 AM | L18: Covid | M18: Therapy | N18: Referral | O18: Hdfc Ergo | P18: 0 | Q18: Pending | R18: 2024-01-08 | S18: 4 | T18: Urgent | U18: =IF(Cleaned_Data!P18>20000,"High-Bill","Normal-Bill") -> Normal-Bill | V18: =IF(C18>=60,"Senior-Citizen","Not-Senior-Citizen") -> Senior-Citizen | W18: =IF(R18="N/A","Not-Required","Follow-Up-required") -> Follow-Up-required | X18: {=_xlfn.IFS(P18<5000,"Low",P18<=20000,"Medium",P18>20000,"High")} -> Low
A19: P1003 | B19: Anjali Sharma | C19: 32 | D19: Female | E19: +91 80649 00406 | F19: anjalisharma@mail.com | G19: Bangalore | H19: Orthopedics | I19: Dr Nair | J19: Not-Provided | K19: 06:14 PM | L19: Skin Allergy | M19: Injection | N19: Walkin | O19: Star Health | P19: 36948 | Q19: Pending | R19: 2024-08-26 | S19: 3 | T19: Review Later | U19: =IF(Cleaned_Data!P19>20000,"High-Bill","Normal-Bill") -> High-Bill | V19: =IF(C19>=60,"Senior-Citizen","Not-Senior-Citizen") -> Not-Senior-Citizen | W19: =IF(R19="N/A","Not-Required","Follow-Up-required") -> Follow-Up-required | X19: {=_xlfn.IFS(P19<5000,"Low",P19<=20000,"Medium",P19>20000,"High")} -> High
A20: P1003 | B20: Divya Verma | C20: Invalid | D20: Male | E20: +91 70930 35801 | F20: Not-Provided | G20: Pune | H20: Orthopedics | I20: Dr Sharma | J20: 2024-12-19 | K20: 10:05 AM | L20: Hypertension | M20: Therapy | N20: Online | O20: None | P20: 0 | Q20: Paid | R20: 2024-02-20 | S20: 2 | T20: Urgent | U20: =IF(Cleaned_Data!P20>20000,"High-Bill","Normal-Bill") -> Normal-Bill | V20: =IF(C20>=60,"Senior-Citizen","Not-Senior-Citizen") -> Senior-Citizen | W20: =IF(R20="N/A","Not-Required","Follow-Up-required") -> Follow-Up-required | X20: {=_xlfn.IFS(P20<5000,"Low",P20<=20000,"Medium",P20>20000,"High")} -> Low
A21: P1003 | B21: Ravi Kumar | C21: 69 | D21: Female | E21: +91 86505 96504 | F21: Not-Provided | G21: Delhi | H21: Oncology | I21: Dr Rao | J21: Not-Provided | K21: 03:42 PM | L21: Diabetes | M21: Injection | N21: Online | O21: Star Health | P21: 47260 | Q21: Rejected | R21: N/A | S21: 3 | T21: N/A | U21: =IF(Cleaned_Data!P21>20000,"High-Bill","Normal-Bill") -> High-Bill | V21: =IF(C21>=60,"Senior-Citizen","Not-Senior-Citizen") -> Senior-Citizen | W21: =IF(R21="N/A","Not-Required","Follow-Up-required") -> Not-Required | X21: {=_xlfn.IFS(P21<5000,"Low",P21<=20000,"Medium",P21>20000,"High")} -> High
A22: P1003 | B22: Suresh Das | C22: 51 | D22: Missing | E22: +91 66608 32896 | F22: sureshdas@gmail.com | G22: Coimbatore | H22: General Medicine | I22: Dr Sharma | J22: 2024-09-18 | K22: 04:01 PM | L22: Hypertension | M22: Surgery | N22: Online | O22: Hdfc Ergo | P22: 0 | Q22: Paid | R22: 2024-11-09 | S22: N/A | T22: N/A | U22: =IF(Cleaned_Data!P22>20000,"High-Bill","Normal-Bill") -> Normal-Bill | V22: =IF(C22>=60,"Senior-Citizen","Not-Senior-Citizen") -> Not-Senior-Citizen | W22: =IF(R22="N/A","Not-Required","Follow-Up-required") -> Follow-Up-required | X22: {=_xlfn.IFS(P22<5000,"Low",P22<=20000,"Medium",P22>20000,"High")} -> Low
A23: P1003 | B23: Suresh Sharma | C23: 48 | D23: Male | E23: +91 75279 03576 | F23: sureshsharma@mail.com | G23: Vizag | H23: Neurology | I23: Dr Iyer | J23: 2024-09-05 | K23: 09:20 AM | L23: Fracture | M23: Surgery | N23: Walkin | O23: Icici Lombard | P23: 0 | Q23: Rejected | R23: 2024-08-19 | S23: 5 | T23: Review Later | U23: =IF(Cleaned_Data!P23>20000,"High-Bill","Normal-Bill") -> Normal-Bill | V23: =IF(C23>=60,"Senior-Citizen","Not-Senior-Citizen") -> Not-Senior-Citizen | W23: =IF(R23="N/A","Not-Required","Follow-Up-required") -> Follow-Up-required | X23: {=_xlfn.IFS(P23<5000,"Low",P23<=20000,"Medium",P23>20000,"High")} -> Low
A24: P1004 | B24: Suresh Nair | C24: 34 | D24: Female | E24: +91 77050 16899 | F24: sureshnair@gmail.com | G24: Madurai | H24: Cardiology | I24: Dr Rao | J24: Not-Provided | K24: 02:01 PM | L24: Migraine | M24: Injection | N24: Emergency | O24: Apollo Munich | P24: 38522 | Q24: Pending | R24: N/A | S24: N/A | T24: N/A | U24: =IF(Cleaned_Data!P24>20000,"High-Bill","Normal-Bill") -> High-Bill | V24: =IF(C24>=60,"Senior-Citizen","Not-Senior-Citizen") -> Not-Senior-Citizen | W24: =IF(R24="N/A","Not-Required","Follow-Up-required") -> Not-Required | X24: {=_xlfn.IFS(P24<5000,"Low",P24<=20000,"Medium",P24>20000,"High")} -> High
A25: P1004 | B25: Meena Gupta | C25: 45 | D25: Male | E25: +91 91437 50861 | F25: Not-Provided | G25: Pune | H25: Orthopedics | I25: Dr Sharma | J25: 2024-02-04 | K25: 10:12 AM | L25: Migraine | M25: Injection | N25: Walkin | O25: Hdfc Ergo | P25: 0 | Q25: Rejected | R25: 2024-06-21 | S25: N/A | T25: N/A | U25: =IF(Cleaned_Data!P25>20000,"High-Bill","Normal-Bill") -> Normal-Bill | V25: =IF(C25>=60,"Senior-Citizen","Not-Senior-Citizen") -> Not-Senior-Citizen | W25: =IF(R25="N/A","Not-Required","Follow-Up-required") -> Follow-Up-required | X25: {=_xlfn.IFS(P25<5000,"Low",P25<=20000,"Medium",P25>20000,"High")} -> Low
A26: P1004 | B26: Suresh Patel | C26: Invalid | D26: Female | E26: +91 91793 76709 | F26: Not-Provided | G26: Coimbatore | H26: Pediatrics | I26: Dr Iyer | J26: Not-Provided | K26: 03:45 PM | L26: Migraine | M26: Surgery | N26: Online | O26: Hdfc Ergo | P26: 33146 | Q26: Rejected | R26: N/A | S26: 2 | T26: Follow Up Required | U26: =IF(Cleaned_Data!P26>20000,"High-Bill","Normal-Bill") -> High-Bill | V26: =IF(C26>=60,"Senior-Citizen","Not-Senior-Citizen") -> Senior-Citizen | W26: =IF(R26="N/A","Not-Required","Follow-Up-required") -> Not-Required | X26: {=_xlfn.IFS(P26<5000,"Low",P26<=20000,"Medium",P26>20000,"High")} -> High
A27: P1005 | B27: Sneha Sharma | C27: 74 | D27: Missing | E27: +91 60308 98225 | F27: Not-Provided | G27: Mumbai | H27: Dermatology | I27: Dr Sharma | J27: 2024-07-11 | K27: 02:41 PM | L27: Migraine | M27: Therapy | N27: Online | O27: None | P27: 0 | Q27: Rejected | R27: 2024-07-22 | S27: 4 | T27: Review Later | U27: =IF(Cleaned_Data!P27>20000,"High-Bill","Normal-Bill") -> Normal-Bill | V27: =IF(C27>=60,"Senior-Citizen","Not-Senior-Citizen") -> Senior-Citizen | W27: =IF(R27="N/A","Not-Required","Follow-Up-required") -> Follow-Up-required | X27: {=_xlfn.IFS(P27<5000,"Low",P27<=20000,"Medium",P27>20000,"High")} -> Low
A28: P1005 | B28: Anjali Singh | C28: 43 | D28: Male | E28: +91 93942 45653 | F28: Not-Provided | G28: Coimbatore | H28: Oncology | I28: Dr Reddy | J28: 2024-12-07 | K28: 12:14 PM | L28: Migraine | M28: Injection | N28: Referral | O28: None | P28: 0 | Q28: Pending | R28: 2024-09-18 | S28: N/A | T28: Review Later | U28: =IF(Cleaned_Data!P28>20000,"High-Bill","Normal-Bill") -> Normal-Bill | V28: =IF(C28>=60,"Senior-Citizen","Not-Senior-Citizen") -> Not-Senior-Citizen | W28: =IF(R28="N/A","Not-Required","Follow-Up-required") -> Follow-Up-required | X28: {=_xlfn.IFS(P28<5000,"Low",P28<=20000,"Medium",P28>20000,"High")} -> Low
A29: P1005 | B29: Suresh Iyer | C29: Invalid | D29: Male | E29: +91 94843 27337 | F29: sureshiyer@mail.com | G29: Mumbai | H29: Oncology | I29: Dr Reddy | J29: 2024-05-07 | K29: 06:09 PM | L29: Diabetes | M29: Surgery | N29: Referral | O29: Apollo Munich | P29: 24084 | Q29: Paid | R29: 2024-06-15 | S29: N/A | T29: Follow Up Required | U29: =IF(Cleaned_Data!P29>20000,"High-Bill","Normal-Bill") -> High-Bill | V29: =IF(C29>=60,"Senior-Citizen","Not-Senior-Citizen") -> Senior-Citizen | W29: =IF(R29="N/A","Not-Required","Follow-Up-required") -> Follow-Up-required | X29: {=_xlfn.IFS(P29<5000,"Low",P29<=20000,"Medium",P29>20000,"High")} -> High
A30: P1006 | B30: Anjali Das | C30: Invalid | D30: Female | E30: +91 90088 70380 | F30: anjalidas@gmail.com | G30: Chennai | H30: Pediatrics | I30: Dr Sharma | J30: 2024-02-13 | K30: 11:28 AM | L30: Asthma | M30: Medication | N30: Walkin | O30: Star Health | P30: 30805 | Q30: N/A | R30: 2024-08-09 | S30: 1 | T30: Follow Up Required | U30: =IF(Cleaned_Data!P30>20000,"High-Bill","Normal-Bill") -> High-Bill | V30: =IF(C30>=60,"Senior-Citizen","Not-Senior-Citizen") -> Senior-Citizen | W30: =IF(R30="N/A","Not-Required","Follow-Up-required") -> Follow-Up-required | X30: {=_xlfn.IFS(P30<5000,"Low",P30<=20000,"Medium",P30>20000,"High")} -> High
A31: P1006 | B31: Arun Iyer | C31: Invalid | D31: Male | E31: +91 82623 43378 | F31: aruniyer@gmail.com | G31: Mumbai | H31: Neurology | I31: Dr Rao | J31: Not-Provided | K31: 04:43 PM | L31: Fracture | M31: Medication | N31: Emergency | O31: Icici Lombard | P31: 0 | Q31: Pending | R31: N/A | S31: 4 | T31: Review Later | U31: =IF(Cleaned_Data!P31>20000,"High-Bill","Normal-Bill") -> Normal-Bill | V31: =IF(C31>=60,"Senior-Citizen","Not-Senior-Citizen") -> Senior-Citizen | W31: =IF(R31="N/A","Not-Required","Follow-Up-required") -> Not-Required | X31: {=_xlfn.IFS(P31<5000,"Low",P31<=20000,"Medium",P31>20000,"High")} -> Low
A32: P1006 | B32: Deepa Singh | C32: Invalid | D32: Male | E32: +91 90874 65568 | F32: deepasingh@mail.com | G32: Kochi | H32: Pediatrics | I32: Dr Sharma | J32: 2024-11-01 | K32: 02:59 PM | L32: Covid | M32: Medication | N32: Walkin | O32: Apollo Munich | P32: 0 | Q32: Paid | R32: N/A | S32: 2 | T32: Urgent | U32: =IF(Cleaned_Data!P32>20000,"High-Bill","Normal-Bill") -> Normal-Bill | V32: =IF(C32>=60,"Senior-Citizen","Not-Senior-Citizen") -> Senior-Citizen | W32: =IF(R32="N/A","Not-Required","Follow-Up-required") -> Not-Required | X32: {=_xlfn.IFS(P32<5000,"Low",P32<=20000,"Medium",P32>20000,"High")} -> Low
A33: P1006 | B33: Suresh Nair | C33: 87 | D33: Male | E33: +91 63647 26064 | F33: Not-Provided | G33: Chennai | H33: Neurology | I33: Dr Singh | J33: 2024-05-13 | K33: 06:35 PM | L33: Diabetes | M33: Observation | N33: Emergency | O33: Apollo Munich | P33: 2213 | Q33: Pending | R33: 2024-02-14 | S33: 3 | T33: Urgent | U33: =IF(Cleaned_Data!P33>20000,"High-Bill","Normal-Bill") -> Normal-Bill | V33: =IF(C33>=60,"Senior-Citizen","Not-Senior-Citizen") -> Senior-Citizen | W33: =IF(R33="N/A","Not-Required","Follow-Up-required") -> Follow-Up-required | X33: {=_xlfn.IFS(P33<5000,"Low",P33<=20000,"Medium",P33>20000,"High")} -> Low
A34: P1007 | B34: Rahul Iyer | C34: Invalid | D34: Male | E34: +91 74092 74786 | F34: rahuliyer@gmail.com | G34: Chennai | H34: General Medicine | I34: Dr Reddy | J34: Not-Provided | K34: 11:32 AM | L34: Skin Allergy | M34: Medication | N34: Online | O34: Star Health | P34: 29088 | Q34: Paid | R34: N/A | S34: 5 | T34: Review Later | U34: =IF(Cleaned_Data!P34>20000,"High-Bill","Normal-Bill") -> High-Bill | V34: =IF(C34>=60,"Senior-Citizen","Not-Senior-Citizen") -> Senior-Citizen | W34: =IF(R34="N/A","Not-Required","Follow-Up-required") -> Not-Required | X34: {=_xlfn.IFS(P34<5000,"Low",P34<=20000,"Medium",P34>20000,"High")} -> High
A35: P1007 | B35: Vijay Patel | C35: Invalid | D35: Female | E35: +91 89394 06119 | F35: vijaypatel@mail.com | G35: Madurai | H35: Neurology | I35: Dr Iyer | J35: 2024-09-13 | K35: 01:48 PM | L35: Skin Allergy | M35: Observation | N35: Referral | O35: Star Health | P35: 0 | Q35: Paid | R35: 2024-05-14 | S35: 1 | T35: N/A | U35: =IF(Cleaned_Data!P35>20000,"High-Bill","Normal-Bill") -> Normal-Bill | V35: =IF(C35>=60,"Senior-Citizen","Not-Senior-Citizen") -> Senior-Citizen | W35: =IF(R35="N/A","Not-Required","Follow-Up-required") -> Follow-Up-required | X35: {=_xlfn.IFS(P35<5000,"Low",P35<=20000,"Medium",P35>20000,"High")} -> Low
A36: P1007 | B36: Sneha Sharma | C36: 89 | D36: Female | E36: +91 76158 44526 | F36: Not-Provided | G36: Mumbai | H36: Oncology | I36: Dr Sharma | J36: 2024-05-06 | K36: 12:13 PM | L36: Asthma | M36: Medication | N36: Referral | O36: Star Health | P36: 0 | Q36: N/A | R36: N/A | S36: 5 | T36: N/A | U36: =IF(Cleaned_Data!P36>20000,"High-Bill","Normal-Bill") -> Normal-Bill | V36: =IF(C36>=60,"Senior-Citizen","Not-Senior-Citizen") -> Senior-Citizen | W36: =IF(R36="N/A","Not-Required","Follow-Up-required") -> Not-Required | X36: {=_xlfn.IFS(P36<5000,"Low",P36<=20000,"Medium",P36>20000,"High")} -> Low
A37: P1007 | B37: Rahul Sharma | C37: 17 | D37: Female | E37: +91 63099 52300 | F37: Not-Provided | G37: Pune | H37: Cardiology | I37: Dr Singh | J37: Not-Provided | K37: 11:55 AM | L37: Hypertension | M37: Observation | N37: Referral | O37: None | P37: 0 | Q37: Paid | R37: N/A | S37: 5 | T37: Follow Up Required | U37: =IF(Cleaned_Data!P37>20000,"High-Bill","Normal-Bill") -> Normal-Bill | V37: =IF(C37>=60,"Senior-Citizen","Not-Senior-Citizen") -> Not-Senior-Citizen | W37: =IF(R37="N/A","Not-Required","Follow-Up-required") -> Not-Required | X37: {=_xlfn.IFS(P37<5000,"Low",P37<=20000,"Medium",P37>20000,"High")} -> Low
A38: P1007 | B38: Ravi Reddy | C38: Invalid | D38: Male | E38: +91 94947 47874 | F38: ravireddy@mail.com | G38: Hyderabad | H38: Neurology | I38: Dr Rao | J38: 2024-09-18 | K38: 05:27 PM | L38: Hypertension | M38: Therapy | N38: Walkin | O38: Hdfc Ergo | P38: 27206 | Q38: Paid | R38: 2024-01-22 | S38: N/A | T38: N/A | U38: =IF(Cleaned_Data!P38>20000,"High-Bill","Normal-Bill") -> High-Bill | V38: =IF(C38>=60,"Senior-Citizen","Not-Senior-Citizen") -> Senior-Citizen | W38: =IF(R38="N/A","Not-Required","Follow-Up-required") -> Follow-Up-required | X38: {=_xlfn.IFS(P38<5000,"Low",P38<=20000,"Medium",P38>20000,"High")} -> High
A39: P1007 | B39: Manoj Menon | C39: Invalid | D39: Male | E39: +91 75488 44313 | F39: manojmenon@gmail.com | G39: Bangalore | H39: Pediatrics | I39: Dr Iyer | J39: 2024-06-02 | K39: 04:59 PM | L39: Fracture | M39: Medication | N39: Emergency | O39: Hdfc Ergo | P39: 0 | Q39: Paid | R39: N/A | S39: N/A | T39: Review Later | U39: =IF(Cleaned_Data!P39>20000,"High-Bill","Normal-Bill") -> Normal-Bill | V39: =IF(C39>=60,"Senior-Citizen","Not-Senior-Citizen") -> Senior-Citizen | W39: =IF(R39="N/A","Not-Required","Follow-Up-required") -> Not-Required | X39: {=_xlfn.IFS(P39<5000,"Low",P39<=20000,"Medium",P39>20000,"High")} -> Low
A40: P1007 | B40: Anjali Verma | C40: 54 | D40: Female | E40: +91 67099 08562 | F40: Not-Provided | G40: Chennai | H40: Neurology | I40: Dr Singh | J40: 2024-02-13 | K40: 08:27 AM | L40: Diabetes | M40: Injection | N40: Referral | O40: None | P40: 0 | Q40: Paid | R40: 2024-10-17 | S40: N/A | T40: Follow Up Required | U40: =IF(Cleaned_Data!P40>20000,"High-Bill","Normal-Bill") -> Normal-Bill | V40: =IF(C40>=60,"Senior-Citizen","Not-Senior-Citizen") -> Not-Senior-Citizen | W40: =IF(R40="N/A","Not-Required","Follow-Up-required") -> Follow-Up-required | X40: {=_xlfn.IFS(P40<5000,"Low",P40<=20000,"Medium",P40>20000,"High")} -> Low
A41: P1007 | B41: Divya Iyer | C41: 55 | D41: Male | E41: +91 63524 58929 | F41: Not-Provided | G41: Coimbatore | H41: General Medicine | I41: Dr Rao | J41: 2024-05-05 | K41: 01:26 PM | L41: Skin Allergy | M41: Medication | N41: Walkin | O41: Icici Lombard | P41: 0 | Q41: Pending | R41: 2024-12-17 | S41: 2 | T41: Review Later | U41: =IF(Cleaned_Data!P41>20000,"High-Bill","Normal-Bill") -> Normal-Bill | V41: =IF(C41>=60,"Senior-Citizen","Not-Senior-Citizen") -> Not-Senior-Citizen | W41: =IF(R41="N/A","Not-Required","Follow-Up-required") -> Follow-Up-required | X41: {=_xlfn.IFS(P41<5000,"Low",P41<=20000,"Medium",P41>20000,"High")} -> Low
A42: P1007 | B42: Rahul Reddy | C42: 48 | D42: Female | E42: +91 77441 38529 | F42: rahulreddy@mail.com | G42: Bangalore | H42: Neurology | I42: Dr Singh | J42: 2024-09-27 | K42: 06:15 PM | L42: Diabetes | M42: Therapy | N42: Online | O42: Apollo Munich | P42: 0 | Q42: Rejected | R42: 2024-07-25 | S42: N/A | T42: Follow Up Required | U42: =IF(Cleaned_Data!P42>20000,"High-Bill","Normal-Bill") -> Normal-Bill | V42: =IF(C42>=60,"Senior-Citizen","Not-Senior-Citizen") -> Not-Senior-Citizen | W42: =IF(R42="N/A","Not-Required","Follow-Up-required") -> Follow-Up-required | X42: {=_xlfn.IFS(P42<5000,"Low",P42<=20000,"Medium",P42>20000,"High")} -> Low
A43: P1007 | B43: Ravi Iyer | C43: 30 | D43: Missing | E43: +91 64515 07211 | F43: raviiyer@gmail.com | G43: Chennai | H43: Neurology | I43: Dr Sharma | J43: Not-Provided | K43: 11:59 AM | L43: Skin Allergy | M43: Injection | N43: Online | O43: Apollo Munich | P43: 0 | Q43: Pending | R43: 2024-07-04 | S43: N/A | T43: Review Later | U43: =IF(Cleaned_Data!P43>20000,"High-Bill","Normal-Bill") -> Normal-Bill | V43: =IF(C43>=60,"Senior-Citizen","Not-Senior-Citizen") -> Not-Senior-Citizen | W43: =IF(R43="N/A","Not-Required","Follow-Up-required") -> Follow-Up-required | X43: {=_xlfn.IFS(P43<5000,"Low",P43<=20000,"Medium",P43>20000,"High")} -> Low
A44: P1007 | B44: Anjali Sharma | C44: 32 | D44: Male | E44: +91 94137 77504 | F44: anjalisharma@mail.com | G44: Mumbai | H44: General Medicine | I44: Dr Sharma | J44: 2024-03-04 | K44: 03:27 PM | L44: Skin Allergy | M44: Medication | N44: Emergency | O44: Hdfc Ergo | P44: 0 | Q44: Paid | R44: N/A | S44: N/A | T44: Review Later | U44: =IF(Cleaned_Data!P44>20000,"High-Bill","Normal-Bill") -> Normal-Bill | V44: =IF(C44>=60,"Senior-Citizen","Not-Senior-Citizen") -> Not-Senior-Citizen | W44: =IF(R44="N/A","Not-Required","Follow-Up-required") -> Not-Required | X44: {=_xlfn.IFS(P44<5000,"Low",P44<=20000,"Medium",P44>20000,"High")} -> Low
A45: P1007 | B45: Priya Verma | C45: Invalid | D45: Female | E45: +91 70758 94848 | F45: Not-Provided | G45: Chennai | H45: Pediatrics | I45: Dr Iyer | J45: 2024-05-16 | K45: 12:36 PM | L45: Diabetes | M45: Injection | N45: Online | O45: Icici Lombard | P45: 0 | Q45: Rejected | R45: N/A | S45: N/A | T45: Follow Up Required | U45: =IF(Cleaned_Data!P45>20000,"High-Bill","Normal-Bill") -> Normal-Bill | V45: =IF(C45>=60,"Senior-Citizen","Not-Senior-Citizen") -> Senior-Citizen | W45: =IF(R45="N/A","Not-Required","Follow-Up-required") -> Not-Required | X45: {=_xlfn.IFS(P45<5000,"Low",P45<=20000,"Medium",P45>20000,"High")} -> Low
A46: P1007 | B46: Kumar Menon | C46: 90 | D46: Male | E46: +91 71225 22425 | F46: kumarmenon@mail.com | G46: Pune | H46: Cardiology | I46: Dr Iyer | J46: 2024-12-03 | K46: 11:46 AM | L46: Covid | M46: Therapy | N46: Referral | O46: Hdfc Ergo | P46: 0 | Q46: Rejected | R46: 2024-12-16 | S46: 1 | T46: Urgent | U46: =IF(Cleaned_Data!P46>20000,"High-Bill","Normal-Bill") -> Normal-Bill | V46: =IF(C46>=60,"Senior-Citizen","Not-Senior-Citizen") -> Senior-Citizen | W46: =IF(R46="N/A","Not-Required","Follow-Up-required") -> Follow-Up-required | X46: {=_xlfn.IFS(P46<5000,"Low",P46<=20000,"Medium",P46>20000,"High")} -> Low
A47: P1008 | B47: Manoj Das | C47: Invalid | D47: Missing | E47: +91 61981 76052 | F47: manojdas@mail.com | G47: Vizag | H47: General Medicine | I47: Dr Reddy | J47: Not-Provided | K47: 04:29 PM | L47: Hypertension | M47: Therapy | N47: Emergency | O47: None | P47: 0 | Q47: Pending | R47: 2024-03-28 | S47: 4 | T47: Review Later | U47: =IF(Cleaned_Data!P47>20000,"High-Bill","Normal-Bill") -> Normal-Bill | V47: =IF(C47>=60,"Senior-Citizen","Not-Senior-Citizen") -> Senior-Citizen | W47: =IF(R47="N/A","Not-Required","Follow-Up-required") -> Follow-Up-required | X47: {=_xlfn.IFS(P47<5000,"Low",P47<=20000,"Medium",P47>20000,"High")} -> Low
A48: P1008 | B48: Deepa Nair | C48: Invalid | D48: Female | E48: +91 95019 03448 | F48: deepanair@mail.com | G48: Bangalore | H48: Cardiology | I48: Dr Rao | J48: 2024-05-23 | K48: 03:20 PM | L48: Diabetes | M48: Therapy | N48: Referral | O48: None | P48: 0 | Q48: Paid | R48: N/A | S48: 1 | T48: Urgent | U48: =IF(Cleaned_Data!P48>20000,"High-Bill","Normal-Bill") -> Normal-Bill | V48: =IF(C48>=60,"Senior-Citizen","Not-Senior-Citizen") -> Senior-Citizen | W48: =IF(R48="N/A","Not-Required","Follow-Up-required") -> Not-Required | X48: {=_xlfn.IFS(P48<5000,"Low",P48<=20000,"Medium",P48>20000,"High")} -> Low
A49: P1008 | B49: Suresh Gupta | C49: 72 | D49: Male | E49: +91 99381 07017 | F49: sureshgupta@gmail.com | G49: Mumbai | H49: Pediatrics | I49: Dr Nair | J49: 2024-11-27 | K49: 11:08 AM | L49: Fever | M49: Surgery | N49: Online | O49: Star Health | P49: 0 | Q49: Paid | R49: N/A | S49: 3 | T49: Review Later | U49: =IF(Cleaned_Data!P49>20000,"High-Bill","Normal-Bill") -> Normal-Bill | V49: =IF(C49>=60,"Senior-Citizen","Not-Senior-Citizen") -> Senior-Citizen | W49: =IF(R49="N/A","Not-Required","Follow-Up-required") -> Not-Required | X49: {=_xlfn.IFS(P49<5000,"Low",P49<=20000,"Medium",P49>20000,"High")} -> Low
A50: P1008 | B50: Meena Gupta | C50: Invalid | D50: Female | E50: +91 65750 36230 | F50: meenagupta@mail.com | G50: Madurai | H50: Pediatrics | I50: Dr Reddy | J50: 2024-03-04 | K50: 10:36 AM | L50: Skin Allergy | M50: Injection | N50: Online | O50: Star Health | P50: 0 | Q50: N/A | R50: N/A | S50: N/A | T50: Urgent | U50: =IF(Cleaned_Data!P50>20000,"High-Bill","Normal-Bill") -> Normal-Bill | V50: =IF(C50>=60,"Senior-Citizen","Not-Senior-Citizen") -> Senior-Citizen | W50: =IF(R50="N/A","Not-Required","Follow-Up-required") -> Not-Required | X50: {=_xlfn.IFS(P50<5000,"Low",P50<=20000,"Medium",P50>20000,"High")} -> Low
A51: P1008 | B51: Karthik Kumar | C51: Invalid | D51: Female | E51: +91 63512 00848 | F51: karthikkumar@mail.com | G51: Delhi | H51: Orthopedics | I51: Dr Reddy | J51: 2024-03-27 | K51: 03:17 PM | L51: Asthma | M51: Therapy | N51: Referral | O51: Hdfc Ergo | P51: 0 | Q51: N/A | R51: 2024-02-01 | S51: N/A | T51: Review Later | U51: =IF(Cleaned_Data!P51>20000,"High-Bill","Normal-Bill") -> Normal-Bill | V51: =IF(C51>=60,"Senior-Citizen","Not-Senior-Citizen") -> Senior-Citizen | W51: =IF(R51="N/A","Not-Required","Follow-Up-required") -> Follow-Up-required | X51: {=_xlfn.IFS(P51<5000,"Low",P51<=20000,"Medium",P51>20000,"High")} -> Low
A52: P1008 | B52: Suresh Menon | C52: 46 | D52: Male | E52: +91 74159 25240 | F52: Not-Provided | G52: Coimbatore | H52: Oncology | I52: Dr Mehta | J52: 2024-12-08 | K52: 06:46 PM | L52: Hypertension | M52: Medication | N52: Online | O52: Apollo Munich | P52: 0 | Q52: Pending | R52: N/A | S52: 5 | T52: Urgent | U52: =IF(Cleaned_Data!P52>20000,"High-Bill","Normal-Bill") -> Normal-Bill | V52: =IF(C52>=60,"Senior-Citizen","Not-Senior-Citizen") -> Not-Senior-Citizen | W52: =IF(R52="N/A","Not-Required","Follow-Up-required") -> Not-Required | X52: {=_xlfn.IFS(P52<5000,"Low",P52<=20000,"Medium",P52>20000,"High")} -> Low
A53: P1008 | B53: Ravi Sharma | C53: Invalid | D53: Missing | E53: +91 95742 45238 | F53: Not-Provided | G53: Madurai | H53: Neurology | I53: Dr Rao | J53: Not-Provided | K53: 05:54 PM | L53: Fracture | M53: Observation | N53: Online | O53: Apollo Munich | P53: 4680 | Q53: N/A | R53: N/A | S53: 1 | T53: Follow Up Required | U53: =IF(Cleaned_Data!P53>20000,"High-Bill","Normal-Bill") -> Normal-Bill | V53: =IF(C53>=60,"Senior-Citizen","Not-Senior-Citizen") -> Senior-Citizen | W53: =IF(R53="N/A","Not-Required","Follow-Up-required") -> Not-Required | X53: {=_xlfn.IFS(P53<5000,"Low",P53<=20000,"Medium",P53>20000,"High")} -> Low
A54: P1008 | B54: Vijay Patel | C54: Invalid | D54: Male | E54: +91 86322 24828 | F54: vijaypatel@mail.com | G54: Madurai | H54: Orthopedics | I54: Dr Reddy | J54: Not-Provided | K54: 06:54 PM | L54: Diabetes | M54: Surgery | N54: Online | O54: None | P54: 0 | Q54: N/A | R54: 2024-02-10 | S54: 4 | T54: Urgent | U54: =IF(Cleaned_Data!P54>20000,"High-Bill","Normal-Bill") -> Normal-Bill | V54: =IF(C54>=60,"Senior-Citizen","Not-Senior-Citizen") -> Senior-Citizen | W54: =IF(R54="N/A","Not-Required","Follow-Up-required") -> Follow-Up-required | X54: {=_xlfn.IFS(P54<5000,"Low",P54<=20000,"Medium",P54>20000,"High")} -> Low
A55: P1009 | B55: Meena Iyer | C55: Invalid | D55: Missing | E55: +91 94318 42476 | F55: meenaiyer@mail.com | G55: Kochi | H55: Dermatology | I55: Dr Reddy | J55: 2024-02-21 | K55: 11:02 AM | L55: Fracture | M55: Surgery | N55: Walkin | O55: Icici Lombard | P55: 0 | Q55: N/A | R55: N/A | S55: 3 | T55: Review Later | U55: =IF(Cleaned_Data!P55>20000,"High-Bill","Normal-Bill") -> Normal-Bill | V55: =IF(C55>=60,"Senior-Citizen","Not-Senior-Citizen") -> Senior-Citizen | W55: =IF(R55="N/A","Not-Required","Follow-Up-required") -> Not-Required | X55: {=_xlfn.IFS(P55<5000,"Low",P55<=20000,"Medium",P55>20000,"High")} -> Low
A56: P1009 | B56: Deepa Reddy | C56: Invalid | D56: Male | E56: +91 79496 94731 | F56: deepareddy@mail.com | G56: Mumbai | H56: Oncology | I56: Dr Rao | J56: 2024-06-02 | K56: 01:12 PM | L56: Hypertension | M56: Observation | N56: Online | O56: None | P56: 40236 | Q56: Rejected | R56: N/A | S56: N/A | T56: Follow Up Required | U56: =IF(Cleaned_Data!P56>20000,"High-Bill","Normal-Bill") -> High-Bill | V56: =IF(C56>=60,"Senior-Citizen","Not-Senior-Citizen") -> Senior-Citizen | W56: =IF(R56="N/A","Not-Required","Follow-Up-required") -> Not-Required | X56: {=_xlfn.IFS(P56<5000,"Low",P56<=20000,"Medium",P56>20000,"High")} -> High
A57: P1009 | B57: Priya Verma | C57: 46 | D57: Missing | E57: +91 85476 16100 | F57: priyaverma@gmail.com | G57: Madurai | H57: Neurology | I57: Dr Sharma | J57: 2024-12-13 | K57: 06:25 PM | L57: Asthma | M57: Injection | N57: Emergency | O57: Star Health | P57: 0 | Q57: Pending | R57: 2024-02-11 | S57: 3 | T57: Follow Up Required | U57: =IF(Cleaned_Data!P57>20000,"High-Bill","Normal-Bill") -> Normal-Bill | V57: =IF(C57>=60,"Senior-Citizen","Not-Senior-Citizen") -> Not-Senior-Citizen | W57: =IF(R57="N/A","Not-Required","Follow-Up-required") -> Follow-Up-required | X57: {=_xlfn.IFS(P57<5000,"Low",P57<=20000,"Medium",P57>20000,"High")} -> Low
A58: P1009 | B58: Karthik Patel | C58: 52 | D58: Male | E58: +91 62111 76942 | F58: karthikpatel@mail.com | G58: Kochi | H58: General Medicine | I58: Dr Sharma | J58: 2024-08-03 | K58: 01:50 PM | L58: Skin Allergy | M58: Observation | N58: Walkin | O58: Hdfc Ergo | P58: 0 | Q58: Rejected | R58: N/A | S58: 4 | T58: N/A | U58: =IF(Cleaned_Data!P58>20000,"High-Bill","Normal-Bill") -> Normal-Bill | V58: =IF(C58>=60,"Senior-Citizen","Not-Senior-Citizen") -> Not-Senior-Citizen | W58: =IF(R58="N/A","Not-Required","Follow-Up-required") -> Not-Required | X58: {=_xlfn.IFS(P58<5000,"Low",P58<=20000,"Medium",P58>20000,"High")} -> Low
A59: P1009 | B59: Anjali Reddy | C59: Invalid | D59: Missing | E59: +91 68902 36020 | F59: anjalireddy@mail.com | G59: Hyderabad | H59: Orthopedics | I59: Dr Rao | J59: 2024-08-26 | K59: 12:48 PM | L59: Hypertension | M59: Medication | N59: Walkin | O59: Icici Lombard | P59: 0 | Q59: Paid | R59: N/A | S59: N/A | T59: Urgent | U59: =IF(Cleaned_Data!P59>20000,"High-Bill","Normal-Bill") -> Normal-Bill | V59: =IF(C59>=60,"Senior-Citizen","Not-Senior-Citizen") -> Senior-Citizen | W59: =IF(R59="N/A","Not-Required","Follow-Up-required") -> Not-Required | X59: {=_xlfn.IFS(P59<5000,"Low",P59<=20000,"Medium",P59>20000,"High")} -> Low
A60: P1009 | B60: Deepa Nair | C60: Invalid | D60: Male | E60: +91 91917 54548 | F60: deepanair@mail.com | G60: Vizag | H60: Cardiology | I60: Dr Mehta | J60: 2024-01-05 | K60: 12:34 PM | L60: Skin Allergy | M60: Observation | N60: Referral | O60: Hdfc Ergo | P60: 0 | Q60: Paid | R60: 2024-06-18 | S60: N/A | T60: Review Later | U60: =IF(Cleaned_Data!P60>20000,"High-Bill","Normal-Bill") -> Normal-Bill | V60: =IF(C60>=60,"Senior-Citizen","Not-Senior-Citizen") -> Senior-Citizen | W60: =IF(R60="N/A","Not-Required","Follow-Up-required") -> Follow-Up-required | X60: {=_xlfn.IFS(P60<5000,"Low",P60<=20000,"Medium",P60>20000,"High")} -> Low
A61: P1009 | B61: Ravi Sharma | C61: Invalid | D61: Male | E61: +91 94514 88364 | F61: ravisharma@gmail.com | G61: Bangalore | H61: Orthopedics | I61: Dr Sharma | J61: 2024-03-18 | K61: 04:30 PM | L61: Migraine | M61: Observation | N61: Emergency | O61: Hdfc Ergo | P61: 0 | Q61: Paid | R61: N/A | S61: N/A | T61: Review Later | U61: =IF(Cleaned_Data!P61>20000,"High-Bill","Normal-Bill") -> Normal-Bill | V61: =IF(C61>=60,"Senior-Citizen","Not-Senior-Citizen") -> Senior-Citizen | W61: =IF(R61="N/A","Not-Required","Follow-Up-required") -> Not-Required | X61: {=_xlfn.IFS(P61<5000,"Low",P61<=20000,"Medium",P61>20000,"High")} -> Low
A62: P1009 | B62: Karthik Iyer | C62: Invalid | D62: Female | E62: +91 73005 56018 | F62: Not-Provided | G62: Mumbai | H62: Dermatology | I62: Dr Rao | J62: 2024-11-16 | K62: 05:30 PM | L62: Asthma | M62: Surgery | N62: Referral | O62: Apollo Munich | P62: 0 | Q62: Paid | R62: 2024-09-16 | S62: 2 | T62: Review Later | U62: =IF(Cleaned_Data!P62>20000,"High-Bill","Normal-Bill") -> Normal-Bill | V62: =IF(C62>=60,"Senior-Citizen","Not-Senior-Citizen") -> Senior-Citizen | W62: =IF(R62="N/A","Not-Required","Follow-Up-required") -> Follow-Up-required | X62: {=_xlfn.IFS(P62<5000,"Low",P62<=20000,"Medium",P62>20000,"High")} -> Low
A63: P1010 | B63: Anjali Patel | C63: 29 | D63: Male | E63: +91 60240 62257 | F63: Not-Provided | G63: Mumbai | H63: Orthopedics | I63: Dr Reddy | J63: 2024-09-04 | K63: 08:39 AM | L63: Asthma | M63: Injection | N63: Walkin | O63: Star Health | P63: 0 | Q63: Pending | R63: 2024-06-08 | S63: 2 | T63: Urgent | U63: =IF(Cleaned_Data!P63>20000,"High-Bill","Normal-Bill") -> Normal-Bill | V63: =IF(C63>=60,"Senior-Citizen","Not-Senior-Citizen") -> Not-Senior-Citizen | W63: =IF(R63="N/A","Not-Required","Follow-Up-required") -> Follow-Up-required | X63: {=_xlfn.IFS(P63<5000,"Low",P63<=20000,"Medium",P63>20000,"High")} -> Low
A64: P1010 | B64: Kumar Das | C64: 5 | D64: Male | E64: +91 92417 51740 | F64: Not-Provided | G64: Hyderabad | H64: Neurology | I64: Dr Sharma | J64: 2024-02-23 | K64: 06:55 PM | L64: Diabetes | M64: Medication | N64: Emergency | O64: Star Health | P64: 24406 | Q64: N/A | R64: N/A | S64: N/A | T64: N/A | U64: =IF(Cleaned_Data!P64>20000,"High-Bill","Normal-Bill") -> High-Bill | V64: =IF(C64>=60,"Senior-Citizen","Not-Senior-Citizen") -> Not-Senior-Citizen | W64: =IF(R64="N/A","Not-Required","Follow-Up-required") -> Not-Required | X64: {=_xlfn.IFS(P64<5000,"Low",P64<=20000,"Medium",P64>20000,"High")} -> High
A65: P1011 | B65: Divya Reddy | C65: 50 | D65: Female | E65: +91 63215 43768 | F65: Not-Provided | G65: Coimbatore | H65: Orthopedics | I65: Dr Iyer | J65: Not-Provided | K65: 06:24 PM | L65: Covid | M65: Surgery | N65: Emergency | O65: Apollo Munich | P65: 0 | Q65: Paid | R65: N/A | S65: 3 | T65: N/A | U65: =IF(Cleaned_Data!P65>20000,"High-Bill","Normal-Bill") -> Normal-Bill | V65: =IF(C65>=60,"Senior-Citizen","Not-Senior-Citizen") -> Not-Senior-Citizen | W65: =IF(R65="N/A","Not-Required","Follow-Up-required") -> Not-Required | X65: {=_xlfn.IFS(P65<5000,"Low",P65<=20000,"Medium",P65>20000,"High")} -> Low
A66: P1011 | B66: Suresh Kumar | C66: 58 | D66: Missing | E66: +91 96923 79572 | F66: sureshkumar@mail.com | G66: Delhi | H66: Neurology | I66: Dr Iyer | J66: Not-Provided | K66: 04:49 PM | L66: Diabetes | M66: Observation | N66: Referral | O66: Icici Lombard | P66: 12653 | Q66: Rejected | R66: N/A | S66: 1 | T66: Urgent | U66: =IF(Cleaned_Data!P66>20000,"High-Bill","Normal-Bill") -> Normal-Bill | V66: =IF(C66>=60,"Senior-Citizen","Not-Senior-Citizen") -> Not-Senior-Citizen | W66: =IF(R66="N/A","Not-Required","Follow-Up-required") -> Not-Required | X66: {=_xlfn.IFS(P66<5000,"Low",P66<=20000,"Medium",P66>20000,"High")} -> Medium
A67: P1011 | B67: Priya Das | C67: Invalid | D67: Male | E67: +91 78802 51275 | F67: priyadas@gmail.com | G67: Coimbatore | H67: Neurology | I67: Dr Singh | J67: Not-Provided | K67: 03:45 PM | L67: Migraine | M67: Medication | N67: Online | O67: Apollo Munich | P67: 0 | Q67: Paid | R67: 2024-05-09 | S67: 3 | T67: Urgent | U67: =IF(Cleaned_Data!P67>20000,"High-Bill","Normal-Bill") -> Normal-Bill | V67: =IF(C67>=60,"Senior-Citizen","Not-Senior-Citizen") -> Senior-Citizen | W67: =IF(R67="N/A","Not-Required","Follow-Up-required") -> Follow-Up-required | X67: {=_xlfn.IFS(P67<5000,"Low",P67<=20000,"Medium",P67>20000,"High")} -> Low
A68: P1011 | B68: Meena Verma | C68: 76 | D68: Female | E68: +91 91732 17950 | F68: Not-Provided | G68: Delhi | H68: General Medicine | I68: Dr Reddy | J68: Not-Provided | K68: 01:11 PM | L68: Hypertension | M68: Therapy | N68: Referral | O68: None | P68: 0 | Q68: Pending | R68: 2024-07-15 | S68: 5 | T68: N/A | U68: =IF(Cleaned_Data!P68>20000,"High-Bill","Normal-Bill") -> Normal-Bill | V68: =IF(C68>=60,"Senior-Citizen","Not-Senior-Citizen") -> Senior-Citizen | W68: =IF(R68="N/A","Not-Required","Follow-Up-required") -> Follow-Up-required | X68: {=_xlfn.IFS(P68<5000,"Low",P68<=20000,"Medium",P68>20000,"High")} -> Low
A69: P1011 | B69: Kumar Iyer | C69: Invalid | D69: Male | E69: +91 61344 65398 | F69: kumariyer@mail.com | G69: Chennai | H69: Neurology | I69: Dr Iyer | J69: 2024-04-08 | K69: 03:18 PM | L69: Diabetes | M69: Therapy | N69: Emergency | O69: None | P69: 8561 | Q69: Rejected | R69: 2024-11-06 | S69: 3 | T69: N/A | U69: =IF(Cleaned_Data!P69>20000,"High-Bill","Normal-Bill") -> Normal-Bill | V69: =IF(C69>=60,"Senior-Citizen","Not-Senior-Citizen") -> Senior-Citizen | W69: =IF(R69="N/A","Not-Required","Follow-Up-required") -> Follow-Up-required | X69: {=_xlfn.IFS(P69<5000,"Low",P69<=20000,"Medium",P69>20000,"High")} -> Medium
A70: P1011 | B70: Kumar Menon | C70: 51 | D70: Female | E70: +91 72013 16054 | F70: kumarmenon@mail.com | G70: Coimbatore | H70: Cardiology | I70: Dr Mehta | J70: 2024-01-24 | K70: 10:29 AM | L70: Fracture | M70: Therapy | N70: Referral | O70: Apollo Munich | P70: 0 | Q70: Rejected | R70: 2024-05-20 | S70: N/A | T70: Urgent | U70: =IF(Cleaned_Data!P70>20000,"High-Bill","Normal-Bill") -> Normal-Bill | V70: =IF(C70>=60,"Senior-Citizen","Not-Senior-Citizen") -> Not-Senior-Citizen | W70: =IF(R70="N/A","Not-Required","Follow-Up-required") -> Follow-Up-required | X70: {=_xlfn.IFS(P70<5000,"Low",P70<=20000,"Medium",P70>20000,"High")} -> Low
A71: P1011 | B71: Karthik Nair | C71: 35 | D71: Male | E71: +91 97907 59207 | F71: karthiknair@gmail.com | G71: Chennai | H71: Dermatology | I71: Dr Reddy | J71: Not-Provided | K71: 10:17 AM | L71: Migraine | M71: Injection | N71: Referral | O71: Star Health | P71: 15819 | Q71: Pending | R71: 2024-04-21 | S71: 4 | T71: Review Later | U71: =IF(Cleaned_Data!P71>20000,"High-Bill","Normal-Bill") -> Normal-Bill | V71: =IF(C71>=60,"Senior-Citizen","Not-Senior-Citizen") -> Not-Senior-Citizen | W71: =IF(R71="N/A","Not-Required","Follow-Up-required") -> Follow-Up-required | X71: {=_xlfn.IFS(P71<5000,"Low",P71<=20000,"Medium",P71>20000,"High")} -> Medium
A72: P1011 | B72: Manoj Reddy | C72: Invalid | D72: Male | E72: +91 99760 54764 | F72: Not-Provided | G72: Pune | H72: Oncology | I72: Dr Mehta | J72: Not-Provided | K72: 12:51 PM | L72: Skin Allergy | M72: Therapy | N72: Referral | O72: Apollo Munich | P72: 0 | Q72: Paid | R72: 2024-06-24 | S72: N/A | T72: Follow Up Required | U72: =IF(Cleaned_Data!P72>20000,"High-Bill","Normal-Bill") -> Normal-Bill | V72: =IF(C72>=60,"Senior-Citizen","Not-Senior-Citizen") -> Senior-Citizen | W72: =IF(R72="N/A","Not-Required","Follow-Up-required") -> Follow-Up-required | X72: {=_xlfn.IFS(P72<5000,"Low",P72<=20000,"Medium",P72>20000,"High")} -> Low
A73: P1012 | B73: Priya Das | C73: 49 | D73: Male | E73: +91 99415 43618 | F73: priyadas@mail.com | G73: Coimbatore | H73: Oncology | I73: Dr Singh | J73: 2024-05-11 | K73: 12:51 PM | L73: Diabetes | M73: Therapy | N73: Online | O73: Apollo Munich | P73: 0 | Q73: Pending | R73: 2024-11-24 | S73: 5 | T73: Urgent | U73: =IF(Cleaned_Data!P73>20000,"High-Bill","Normal-Bill") -> Normal-Bill | V73: =IF(C73>=60,"Senior-Citizen","Not-Senior-Citizen") -> Not-Senior-Citizen | W73: =IF(R73="N/A","Not-Required","Follow-Up-required") -> Follow-Up-required | X73: {=_xlfn.IFS(P73<5000,"Low",P73<=20000,"Medium",P73>20000,"High")} -> Low
A74: P1012 | B74: Sneha Das | C74: Invalid | D74: Male | E74: +91 76550 27772 | F74: Not-Provided | G74: Coimbatore | H74: General Medicine | I74: Dr Iyer | J74: 2024-08-12 | K74: 06:11 PM | L74: Fracture | M74: Surgery | N74: Online | O74: Apollo Munich | P74: 0 | Q74: Rejected | R74: 2024-06-03 | S74: 4 | T74: Review Later | U74: =IF(Cleaned_Data!P74>20000,"High-Bill","Normal-Bill") -> Normal-Bill | V74: =IF(C74>=60,"Senior-Citizen","Not-Senior-Citizen") -> Senior-Citizen | W74: =IF(R74="N/A","Not-Required","Follow-Up-required") -> Follow-Up-required | X74: {=_xlfn.IFS(P74<5000,"Low",P74<=20000,"Medium",P74>20000,"High")} -> Low
A75: P1012 | B75: Divya Iyer | C75: 61 | D75: Missing | E75: +91 61315 68583 | F75: divyaiyer@gmail.com | G75: Pune | H75: Orthopedics | I75: Dr Rao | J75: Not-Provided | K75: 12:53 PM | L75: Hypertension | M75: Therapy | N75: Emergency | O75: Icici Lombard | P75: 48863 | Q75: Paid | R75: N/A | S75: 4 | T75: Review Later | U75: =IF(Cleaned_Data!P75>20000,"High-Bill","Normal-Bill") -> High-Bill | V75: =IF(C75>=60,"Senior-Citizen","Not-Senior-Citizen") -> Senior-Citizen | W75: =IF(R75="N/A","Not-Required","Follow-Up-required") -> Not-Required | X75: {=_xlfn.IFS(P75<5000,"Low",P75<=20000,"Medium",P75>20000,"High")} -> High
A76: P1012 | B76: Arun Kumar | C76: Invalid | D76: Female | E76: +91 67596 73813 | F76: arunkumar@gmail.com | G76: Hyderabad | H76: Oncology | I76: Dr Nair | J76: 2024-05-04 | K76: 12:48 PM | L76: Diabetes | M76: Observation | N76: Walkin | O76: None | P76: 21997 | Q76: Pending | R76: 2024-04-10 | S76: 4 | T76: N/A | U76: =IF(Cleaned_Data!P76>20000,"High-Bill","Normal-Bill") -> High-Bill | V76: =IF(C76>=60,"Senior-Citizen","Not-Senior-Citizen") -> Senior-Citizen | W76: =IF(R76="N/A","Not-Required","Follow-Up-required") -> Follow-Up-required | X76: {=_xlfn.IFS(P76<5000,"Low",P76<=20000,"Medium",P76>20000,"High")} -> High
A77: P1012 | B77: Priya Iyer | C77: Invalid | D77: Male | E77: +91 73131 92805 | F77: Not-Provided | G77: Delhi | H77: Neurology | I77: Dr Nair | J77: 2024-10-21 | K77: 04:14 PM | L77: Hypertension | M77: Injection | N77: Walkin | O77: Apollo Munich | P77: 0 | Q77: Paid | R77: N/A | S77: N/A | T77: N/A | U77: =IF(Cleaned_Data!P77>20000,"High-Bill","Normal-Bill") -> Normal-Bill | V77: =IF(C77>=60,"Senior-Citizen","Not-Senior-Citizen") -> Senior-Citizen | W77: =IF(R77="N/A","Not-Required","Follow-Up-required") -> Not-Required | X77: {=_xlfn.IFS(P77<5000,"Low",P77<=20000,"Medium",P77>20000,"High")} -> Low
A78: P1012 | B78: Meena Gupta | C78: Invalid | D78: Female | E78: +91 75609 85714 | F78: meenagupta@mail.com | G78: Kochi | H78: Pediatrics | I78: Dr Iyer | J78: 2024-05-08 | K78: 12:26 PM | L78: Covid | M78: Observation | N78: Online | O78: Hdfc Ergo | P78: 47591 | Q78: Pending | R78: N/A | S78: 5 | T78: Review Later | U78: =IF(Cleaned_Data!P78>20000,"High-Bill","Normal-Bill") -> High-Bill | V78: =IF(C78>=60,"Senior-Citizen","Not-Senior-Citizen") -> Senior-Citizen | W78: =IF(R78="N/A","Not-Required","Follow-Up-required") -> Not-Required | X78: {=_xlfn.IFS(P78<5000,"Low",P78<=20000,"Medium",P78>20000,"High")} -> High
A79: P1013 | B79: Meena Patel | C79: 76 | D79: Male | E79: +91 76218 65041 | F79: meenapatel@mail.com | G79: Madurai | H79: Orthopedics | I79: Dr Reddy | J79: 2024-05-15 | K79: 09:33 AM | L79: Asthma | M79: Injection | N79: Emergency | O79: Apollo Munich | P79: 22662 | Q79: Paid | R79: N/A | S79: 1 | T79: Urgent | U79: =IF(Cleaned_Data!P79>20000,"High-Bill","Normal-Bill") -> High-Bill | V79: =IF(C79>=60,"Senior-Citizen","Not-Senior-Citizen") -> Senior-Citizen | W79: =IF(R79="N/A","Not-Required","Follow-Up-required") -> Not-Required | X79: {=_xlfn.IFS(P79<5000,"Low",P79<=20000,"Medium",P79>20000,"High")} -> High
A80: P1013 | B80: Anjali Reddy | C80: 69 | D80: Male | E80: +91 96172 72004 | F80: Not-Provided | G80: Chennai | H80: Cardiology | I80: Dr Mehta | J80: 2024-03-11 | K80: 09:51 AM | L80: Asthma | M80: Injection | N80: Online | O80: Icici Lombard | P80: 0 | Q80: Rejected | R80: 2024-04-04 | S80: 5 | T80: Urgent | U80: =IF(Cleaned_Data!P80>20000,"High-Bill","Normal-Bill") -> Normal-Bill | V80: =IF(C80>=60,"Senior-Citizen","Not-Senior-Citizen") -> Senior-Citizen | W80: =IF(R80="N/A","Not-Required","Follow-Up-required") -> Follow-Up-required | X80: {=_xlfn.IFS(P80<5000,"Low",P80<=20000,"Medium",P80>20000,"High")} -> Low
A81: P1013 | B81: Kumar Iyer | C81: Invalid | D81: Female | E81: +91 93870 76660 | F81: kumariyer@mail.com | G81: Coimbatore | H81: Pediatrics | I81: Dr Rao | J81: 2024-10-16 | K81: 01:23 PM | L81: Fracture | M81: Injection | N81: Walkin | O81: Hdfc Ergo | P81: 39701 | Q81: Pending | R81: N/A | S81: N/A | T81: Follow Up Required | U81: =IF(Cleaned_Data!P81>20000,"High-Bill","Normal-Bill") -> High-Bill | V81: =IF(C81>=60,"Senior-Citizen","Not-Senior-Citizen") -> Senior-Citizen | W81: =IF(R81="N/A","Not-Required","Follow-Up-required") -> Not-Required | X81: {=_xlfn.IFS(P81<5000,"Low",P81<=20000,"Medium",P81>20000,"High")} -> High
A82: P1014 | B82: Suresh Sharma | C82: Invalid | D82: Female | E82: +91 96139 34097 | F82: Not-Provided | G82: Kochi | H82: Oncology | I82: Dr Rao | J82: 2024-04-13 | K82: 09:36 AM | L82: Covid | M82: Therapy | N82: Referral | O82: Star Health | P82: 0 | Q82: Rejected | R82: N/A | S82: N/A | T82: N/A | U82: =IF(Cleaned_Data!P82>20000,"High-Bill","Normal-Bill") -> Normal-Bill | V82: =IF(C82>=60,"Senior-Citizen","Not-Senior-Citizen") -> Senior-Citizen | W82: =IF(R82="N/A","Not-Required","Follow-Up-required") -> Not-Required | X82: {=_xlfn.IFS(P82<5000,"Low",P82<=20000,"Medium",P82>20000,"High")} -> Low
A83: P1014 | B83: Meena Das | C83: Invalid | D83: Male | E83: +91 92055 48953 | F83: Not-Provided | G83: Delhi | H83: Oncology | I83: Dr Nair | J83: 2024-03-04 | K83: 12:35 PM | L83: Fracture | M83: Therapy | N83: Walkin | O83: Apollo Munich | P83: 0 | Q83: Paid | R83: 2024-01-08 | S83: 5 | T83: Urgent | U83: =IF(Cleaned_Data!P83>20000,"High-Bill","Normal-Bill") -> Normal-Bill | V83: =IF(C83>=60,"Senior-Citizen","Not-Senior-Citizen") -> Senior-Citizen | W83: =IF(R83="N/A","Not-Required","Follow-Up-required") -> Follow-Up-required | X83: {=_xlfn.IFS(P83<5000,"Low",P83<=20000,"Medium",P83>20000,"High")} -> Low
A84: P1014 | B84: Meena Das | C84: 2 | D84: Male | E84: +91 68966 48198 | F84: meenadas@mail.com | G84: Chennai | H84: Orthopedics | I84: Dr Mehta | J84: 2024-02-28 | K84: 09:40 AM | L84: Asthma | M84: Medication | N84: Emergency | O84: Icici Lombard | P84: 0 | Q84: Rejected | R84: N/A | S84: N/A | T84: Review Later | U84: =IF(Cleaned_Data!P84>20000,"High-Bill","Normal-Bill") -> Normal-Bill | V84: =IF(C84>=60,"Senior-Citizen","Not-Senior-Citizen") -> Not-Senior-Citizen | W84: =IF(R84="N/A","Not-Required","Follow-Up-required") -> Not-Required | X84: {=_xlfn.IFS(P84<5000,"Low",P84<=20000,"Medium",P84>20000,"High")} -> Low
A85: P1014 | B85: Sneha Sharma | C85: 90 | D85: Male | E85: +91 77572 62289 | F85: snehasharma@gmail.com | G85: Madurai | H85: Dermatology | I85: Dr Singh | J85: Not-Provided | K85: 03:32 PM | L85: Covid | M85: Surgery | N85: Walkin | O85: Star Health | P85: 0 | Q85: Paid | R85: 2024-06-04 | S85: 3 | T85: N/A | U85: =IF(Cleaned_Data!P85>20000,"High-Bill","Normal-Bill") -> Normal-Bill | V85: =IF(C85>=60,"Senior-Citizen","Not-Senior-Citizen") -> Senior-Citizen | W85: =IF(R85="N/A","Not-Required","Follow-Up-required") -> Follow-Up-required | X85: {=_xlfn.IFS(P85<5000,"Low",P85<=20000,"Medium",P85>20000,"High")} -> Low
A86: P1014 | B86: Kumar Patel | C86: 47 | D86: Missing | E86: +91 61627 08276 | F86: kumarpatel@mail.com | G86: Vizag | H86: Cardiology | I86: Dr Iyer | J86: Not-Provided | K86: 01:39 PM | L86: Covid | M86: Surgery | N86: Referral | O86: Icici Lombard | P86: 0 | Q86: Paid | R86: 2024-03-21 | S86: 3 | T86: Review Later | U86: =IF(Cleaned_Data!P86>20000,"High-Bill","Normal-Bill") -> Normal-Bill | V86: =IF(C86>=60,"Senior-Citizen","Not-Senior-Citizen") -> Not-Senior-Citizen | W86: =IF(R86="N/A","Not-Required","Follow-Up-required") -> Follow-Up-required | X86: {=_xlfn.IFS(P86<5000,"Low",P86<=20000,"Medium",P86>20000,"High")} -> Low
A87: P1014 | B87: Meena Verma | C87: 31 | D87: Female | E87: +91 81367 80861 | F87: Not-Provided | G87: Hyderabad | H87: Cardiology | I87: Dr Reddy | J87: 2024-01-14 | K87: 09:15 AM | L87: Covid | M87: Observation | N87: Online | O87: Icici Lombard | P87: 20392 | Q87: Rejected | R87: N/A | S87: 1 | T87: Review Later | U87: =IF(Cleaned_Data!P87>20000,"High-Bill","Normal-Bill") -> High-Bill | V87: =IF(C87>=60,"Senior-Citizen","Not-Senior-Citizen") -> Not-Senior-Citizen | W87: =IF(R87="N/A","Not-Required","Follow-Up-required") -> Not-Required | X87: {=_xlfn.IFS(P87<5000,"Low",P87<=20000,"Medium",P87>20000,"High")} -> High
A88: P1014 | B88: Divya Gupta | C88: Invalid | D88: Male | E88: +91 60622 39089 | F88: Not-Provided | G88: Bangalore | H88: Orthopedics | I88: Dr Rao | J88: 2024-07-12 | K88: 06:13 PM | L88: Diabetes | M88: Injection | N88: Walkin | O88: Icici Lombard | P88: 0 | Q88: Paid | R88: 2024-01-03 | S88: 3 | T88: Urgent | U88: =IF(Cleaned_Data!P88>20000,"High-Bill","Normal-Bill") -> Normal-Bill | V88: =IF(C88>=60,"Senior-Citizen","Not-Senior-Citizen") -> Senior-Citizen | W88: =IF(R88="N/A","Not-Required","Follow-Up-required") -> Follow-Up-required | X88: {=_xlfn.IFS(P88<5000,"Low",P88<=20000,"Medium",P88>20000,"High")} -> Low
A89: P1014 | B89: Priya Singh | C89: Invalid | D89: Missing | E89: +91 95999 40405 | F89: priyasingh@mail.com | G89: Bangalore | H89: General Medicine | I89: Dr Singh | J89: 2024-07-05 | K89: 09:38 AM | L89: Skin Allergy | M89: Observation | N89: Online | O89: Star Health | P89: 45758 | Q89: Rejected | R89: N/A | S89: 4 | T89: Follow Up Required | U89: =IF(Cleaned_Data!P89>20000,"High-Bill","Normal-Bill") -> High-Bill | V89: =IF(C89>=60,"Senior-Citizen","Not-Senior-Citizen") -> Senior-Citizen | W89: =IF(R89="N/A","Not-Required","Follow-Up-required") -> Not-Required | X89: {=_xlfn.IFS(P89<5000,"Low",P89<=20000,"Medium",P89>20000,"High")} -> High
A90: P1015 | B90: Anjali Nair | C90: 12 | D90: Male | E90: +91 80430 70295 | F90: Not-Provided | G90: Madurai | H90: Oncology | I90: Dr Nair | J90: Not-Provided | K90: 08:19 AM | L90: Asthma | M90: Observation | N90: Referral | O90: Hdfc Ergo | P90: 0 | Q90: Pending | R90: 2024-10-12 | S90: 4 | T90: Review Later | U90: =IF(Cleaned_Data!P90>20000,"High-Bill","Normal-Bill") -> Normal-Bill | V90: =IF(C90>=60,"Senior-Citizen","Not-Senior-Citizen") -> Not-Senior-Citizen | W90: =IF(R90="N/A","Not-Required","Follow-Up-required") -> Follow-Up-required | X90: {=_xlfn.IFS(P90<5000,"Low",P90<=20000,"Medium",P90>20000,"High")} -> Low
A91: P1015 | B91: Manoj Patel | C91: Invalid | D91: Male | E91: +91 66113 31105 | F91: manojpatel@mail.com | G91: Vizag | H91: General Medicine | I91: Dr Iyer | J91: 2024-08-10 | K91: 11:13 AM | L91: Diabetes | M91: Injection | N91: Online | O91: Star Health | P91: 0 | Q91: Rejected | R91: 2024-04-08 | S91: 3 | T91: Review Later | U91: =IF(Cleaned_Data!P91>20000,"High-Bill","Normal-Bill") -> Normal-Bill | V91: =IF(C91>=60,"Senior-Citizen","Not-Senior-Citizen") -> Senior-Citizen | W91: =IF(R91="N/A","Not-Required","Follow-Up-required") -> Follow-Up-required | X91: {=_xlfn.IFS(P91<5000,"Low",P91<=20000,"Medium",P91>20000,"High")} -> Low
A92: P1015 | B92: Arun Patel | C92: 33 | D92: Male | E92: +91 71593 13804 | F92: arunpatel@mail.com | G92: Vizag | H92: General Medicine | I92: Dr Singh | J92: 2024-03-02 | K92: 12:15 PM | L92: Skin Allergy | M92: Injection | N92: Emergency | O92: Icici Lombard | P92: 31364 | Q92: Paid | R92: 2024-09-27 | S92: N/A | T92: N/A | U92: =IF(Cleaned_Data!P92>20000,"High-Bill","Normal-Bill") -> High-Bill | V92: =IF(C92>=60,"Senior-Citizen","Not-Senior-Citizen") -> Not-Senior-Citizen | W92: =IF(R92="N/A","Not-Required","Follow-Up-required") -> Follow-Up-required | X92: {=_xlfn.IFS(P92<5000,"Low",P92<=20000,"Medium",P92>20000,"High")} -> High
A93: P1015 | B93: Vijay Kumar | C93: Invalid | D93: Female | E93: +91 72986 58344 | F93: Not-Provided | G93: Hyderabad | H93: Cardiology | I93: Dr Iyer | J93: Not-Provided | K93: 06:55 PM | L93: Fever | M93: Therapy | N93: Referral | O93: None | P93: 0 | Q93: Pending | R93: 2024-08-16 | S93: N/A | T93: Follow Up Required | U93: =IF(Cleaned_Data!P93>20000,"High-Bill","Normal-Bill") -> Normal-Bill | V93: =IF(C93>=60,"Senior-Citizen","Not-Senior-Citizen") -> Senior-Citizen | W93: =IF(R93="N/A","Not-Required","Follow-Up-required") -> Follow-Up-required | X93: {=_xlfn.IFS(P93<5000,"Low",P93<=20000,"Medium",P93>20000,"High")} -> Low
A94: P1015 | B94: Deepa Sharma | C94: 78 | D94: Female | E94: +91 71482 57617 | F94: deepasharma@mail.com | G94: Delhi | H94: Cardiology | I94: Dr Sharma | J94: Not-Provided | K94: 10:43 AM | L94: Skin Allergy | M94: Surgery | N94: Referral | O94: Apollo Munich | P94: 7471 | Q94: Rejected | R94: N/A | S94: 2 | T94: Urgent | U94: =IF(Cleaned_Data!P94>20000,"High-Bill","Normal-Bill") -> Normal-Bill | V94: =IF(C94>=60,"Senior-Citizen","Not-Senior-Citizen") -> Senior-Citizen | W94: =IF(R94="N/A","Not-Required","Follow-Up-required") -> Not-Required | X94: {=_xlfn.IFS(P94<5000,"Low",P94<=20000,"Medium",P94>20000,"High")} -> Medium
A95: P1015 | B95: Vijay Patel | C95: 47 | D95: Missing | E95: +91 70239 23826 | F95: vijaypatel@mail.com | G95: Pune | H95: Neurology | I95: Dr Mehta | J95: Not-Provided | K95: 02:51 PM | L95: Fracture | M95: Medication | N95: Online | O95: Apollo Munich | P95: 0 | Q95: Paid | R95: 2024-08-19 | S95: 1 | T95: N/A | U95: =IF(Cleaned_Data!P95>20000,"High-Bill","Normal-Bill") -> Normal-Bill | V95: =IF(C95>=60,"Senior-Citizen","Not-Senior-Citizen") -> Not-Senior-Citizen | W95: =IF(R95="N/A","Not-Required","Follow-Up-required") -> Follow-Up-required | X95: {=_xlfn.IFS(P95<5000,"Low",P95<=20000,"Medium",P95>20000,"High")} -> Low
A96: P1015 | B96: Deepa Kumar | C96: 10 | D96: Female | E96: +91 74818 12853 | F96: deepakumar@mail.com | G96: Delhi | H96: Pediatrics | I96: Dr Reddy | J96: 2024-12-14 | K96: 12:00 PM | L96: Covid | M96: Therapy | N96: Referral | O96: Star Health | P96: 0 | Q96: Pending | R96: N/A | S96: N/A | T96: N/A | U96: =IF(Cleaned_Data!P96>20000,"High-Bill","Normal-Bill") -> Normal-Bill | V96: =IF(C96>=60,"Senior-Citizen","Not-Senior-Citizen") -> Not-Senior-Citizen | W96: =IF(R96="N/A","Not-Required","Follow-Up-required") -> Not-Required | X96: {=_xlfn.IFS(P96<5000,"Low",P96<=20000,"Medium",P96>20000,"High")} -> Low
A97: P1016 | B97: Rahul Gupta | C97: 19 | D97: Male | E97: +91 66977 18498 | F97: rahulgupta@mail.com | G97: Mumbai | H97: Pediatrics | I97: Dr Sharma | J97: 2024-11-18 | K97: 02:48 PM | L97: Hypertension | M97: Medication | N97: Referral | O97: Star Health | P97: 0 | Q97: Pending | R97: N/A | S97: 5 | T97: Review Later | U97: =IF(Cleaned_Data!P97>20000,"High-Bill","Normal-Bill") -> Normal-Bill | V97: =IF(C97>=60,"Senior-Citizen","Not-Senior-Citizen") -> Not-Senior-Citizen | W97: =IF(R97="N/A","Not-Required","Follow-Up-required") -> Not-Required | X97: {=_xlfn.IFS(P97<5000,"Low",P97<=20000,"Medium",P97>20000,"High")} -> Low
A98: P1016 | B98: Kumar Singh | C98: 55 | D98: Male | E98: +91 69280 64383 | F98: Not-Provided | G98: Pune | H98: General Medicine | I98: Dr Rao | J98: 2024-01-11 | K98: 02:25 PM | L98: Fracture | M98: Observation | N98: Emergency | O98: Icici Lombard | P98: 3384 | Q98: N/A | R98: 2024-11-17 | S98: N/A | T98: Review Later | U98: =IF(Cleaned_Data!P98>20000,"High-Bill","Normal-Bill") -> Normal-Bill | V98: =IF(C98>=60,"Senior-Citizen","Not-Senior-Citizen") -> Not-Senior-Citizen | W98: =IF(R98="N/A","Not-Required","Follow-Up-required") -> Follow-Up-required | X98: {=_xlfn.IFS(P98<5000,"Low",P98<=20000,"Medium",P98>20000,"High")} -> Low
A99: P1016 | B99: Divya Reddy | C99: 33 | D99: Female | E99: +91 69511 09039 | F99: divyareddy@mail.com | G99: Hyderabad | H99: Neurology | I99: Dr Reddy | J99: Not-Provided | K99: 10:10 AM | L99: Fracture | M99: Therapy | N99: Online | O99: Icici Lombard | P99: 37480 | Q99: Pending | R99: N/A | S99: 1 | T99: N/A | U99: =IF(Cleaned_Data!P99>20000,"High-Bill","Normal-Bill") -> High-Bill | V99: =IF(C99>=60,"Senior-Citizen","Not-Senior-Citizen") -> Not-Senior-Citizen | W99: =IF(R99="N/A","Not-Required","Follow-Up-required") -> Not-Required | X99: {=_xlfn.IFS(P99<5000,"Low",P99<=20000,"Medium",P99>20000,"High")} -> High
A100: P1016 | B100: Arun Menon | C100: 32 | D100: Female | E100: +91 90537 49403 | F100: arunmenon@gmail.com | G100: Chennai | H100: Neurology | I100: Dr Reddy | J100: 2024-05-02 | K100: 04:29 PM | L100: Fever | M100: Therapy | N100: Emergency | O100: Star Health | P100: 0 | Q100: N/A | R100: N/A | S100: N/A | T100: Follow Up Required | U100: =IF(Cleaned_Data!P100>20000,"High-Bill","Normal-Bill") -> Normal-Bill | V100: =IF(C100>=60,"Senior-Citizen","Not-Senior-Citizen") -> Not-Senior-Citizen | W100: =IF(R100="N/A","Not-Required","Follow-Up-required") -> Not-Required | X100: {=_xlfn.IFS(P100<5000,"Low",P100<=20000,"Medium",P100>20000,"High")} -> Low
...

Sheet Data_Validation
B2: Data_Validation | C2: Getted_values
B3: Patient_Name | C3: Average_Bill_Amt
B4: Kumar Menon | C4: =AVERAGEIF(Cleaned_Data!B2:B5501,B4,Cleaned_Data!P2:P5501) -> 7541.6585
B6: Hospital_Department | C6: Total_Patients
B7: Cardiology | C7: =COUNTIF(Cleaned_Data!H2:H5501,B7) -> 785
B9: Patient_ID | C9: Insurance_Type
B10: P1009 | C10: =_xlfn.XLOOKUP($B$10,Cleaned_Data!$A$2:$A$5501,Cleaned_Data!$O$2:$O$5501) -> Icici Lombard
B12: Patient_ID | C12: Treatment_Category
B13: P1159 | C13: =_xlfn.XLOOKUP($B$13,Cleaned_Data!$A$2:$A$5501,Cleaned_Data!$M$2:$M$5501) -> Injection
B15: City | C15: Hospital_Zone
B16: Delhi | C16: =_xlfn.XLOOKUP($B$16,Cleaned_Data!$G$2:$G$5501,Cleaned_Data!$H$2:$H$5501) -> Cardiology

Sheet Aggregate_Functions
E3: Total_Patients
E4: =COUNTA(Cleaned_Data!B2:B5501) -> 5500
E6: Total_Revenue | G6: In Lakhs
E7: =SUM(Cleaned_Data!P2:P5501) -> 45644150 | G7: 45644150
E9: Max_Revenue | G9: In Thousands
E10: =MAX(Cleaned_Data!$P$2:$P$5501) -> 49959 | G10: =MAX(Cleaned_Data!$P$2:$P$5501) -> 49959
E12: Min_Revenue
E13: =MIN(Cleaned_Data!$P$2:$P$5501) -> 0
E15: Average_Revenue
E16: =AVERAGE(Cleaned_Data!$P$2:$P$5501) -> 8298.9364
E18: Average_Feedback_Score
E19: =AVERAGE(Cleaned_Data!$S$2:$S$5501) -> 3.0426187

Sheet Lookups
D2: Doctor Reference Table
D3: Doctor_Name | E3: Hospital_Department
D4: Dr Mehta | E4: =_xlfn.XLOOKUP(D4,Cleaned_Data!$I$2:$I$5501,Cleaned_Data!$H$2:$H$5501) -> Neurology
D7: City_Region_Table
D8: Patient_Name | E8: Region_Name
D9: Arun Kumar | E9: =_xlfn.XLOOKUP(D9,Cleaned_Data!$B$2:$B$5501,Cleaned_Data!$G$2:$G$5501) -> Hyderabad

Sheet Questions
A1: Questions:-
A2: 1. Identify and remove duplicate patient records based on Patient_ID.
A3: 2. Standardize the Gender column so values appear only as Male or Female.
A4: 3. Fill blank Email values with 'Not Provided'.
A5: 4. Identify rows where Age is missing or invalid.
A6: 5. Remove extra spaces from Patient_Name.
A7: 6. Convert Visit_Date values into a consistent date format.
A8: 7. Replace blank Bill_Amount values with 0.
A9: 8. Standardize Payment_Status values to Paid, Pending, or Rejected.
A10: 9. Calculate the total hospital revenue using Bill_Amount.
A11: 10. Calculate the average bill amount per patient.
A12: 11. Find the maximum bill amount in the dataset.
... A31: 30. Create a pivot table showing Patient Count by Admission Type.
